date,price,dividend,earnings,cpi,10y_yield
1871.01,4.44,0.26,0.40,12.46,5.32
1871.02,4.50,0.26,0.40,12.84,5.32
1871.03,4.61,0.26,0.40,13.03,5.33
1871.04,4.74,0.26,0.40,12.56,5.33
1871.05,4.86,0.26,0.40,12.27,5.33
1871.06,4.82,0.26,0.40,12.08,5.34
1871.07,4.73,0.26,0.40,12.08,5.34
1871.08,4.79,0.26,0.40,11.89,5.34
1871.09,4.84,0.26,0.40,12.18,5.35
1871.1,4.59,0.26,0.40,12.37,5.35
1871.11,4.64,0.26,0.40,12.37,5.35
1871.12,4.74,0.26,0.40,12.65,5.36
1872.01,4.86,0.26,0.40,12.65,5.36
1872.02,4.88,0.27,0.41,12.65,5.38
1872.03,5.04,0.27,0.41,12.84,5.40
1872.04,5.18,0.27,0.41,13.13,5.42
1872.05,5.18,0.28,0.41,13.13,5.43
1872.06,5.13,0.28,0.42,13.03,5.45
1872.07,5.10,0.28,0.42,12.84,5.47
1872.08,5.04,0.29,0.42,12.94,5.49
1872.09,4.95,0.29,0.42,13.03,5.51
1872.1,4.97,0.29,0.43,12.75,5.53
1872.11,4.95,0.30,0.43,13.13,5.54
1872.12,5.07,0.30,0.43,12.94,5.56
1873.01,5.11,0.30,0.43,12.94,5.58
1873.02,5.15,0.31,0.44,13.23,5.57
1873.03,5.11,0.31,0.44,13.23,5.56
1873.04,5.04,0.31,0.44,13.23,5.55
1873.05,5.05,0.31,0.44,12.94,5.54
1873.06,4.98,0.32,0.45,12.56,5.53
1873.07,4.97,0.32,0.45,12.56,5.53
1873.08,4.97,0.32,0.45,12.56,5.52
1873.09,4.59,0.32,0.45,12.56,5.51
1873.1,4.19,0.33,0.46,12.27,5.50
1873.11,4.04,0.33,0.46,11.89,5.49
1873.12,4.42,0.33,0.46,12.18,5.48
1874.01,4.66,0.33,0.46,12.37,5.47
1874.02,4.80,0.33,0.46,12.37,5.44
1874.03,4.73,0.33,0.46,12.37,5.40
1874.04,4.60,0.33,0.46,12.18,5.37
1874.05,4.48,0.33,0.46,12.08,5.34
1874.06,4.46,0.33,0.46,11.80,5.30
1874.07,4.46,0.33,0.46,11.89,5.27
1874.08,4.47,0.33,0.46,11.80,5.24
1874.09,4.54,0.33,0.46,11.80,5.20
1874.1,4.53,0.33,0.46,11.61,5.17
1874.11,4.57,0.33,0.46,11.51,5.14
1874.12,4.54,0.33,0.46,11.51,5.10
1875.01,4.54,0.33,0.45,11.51,5.07
1875.02,4.53,0.33,0.44,11.51,5.03
1875.03,4.59,0.32,0.44,11.51,4.99
1875.04,4.65,0.32,0.43,11.61,4.95
1875.05,4.47,0.32,0.42,11.32,4.91
1875.06,4.38,0.32,0.41,11.13,4.87
1875.07,4.39,0.31,0.40,11.13,4.83
1875.08,4.41,0.31,0.39,11.23,4.79
1875.09,4.37,0.31,0.39,11.13,4.75
1875.1,4.30,0.31,0.38,11.13,4.71
1875.11,4.37,0.30,0.37,11.04,4.67
1875.12,4.37,0.30,0.36,10.94,4.63
1876.01,4.46,0.30,0.35,10.85,4.59
1876.02,4.52,0.30,0.35,10.85,4.58
1876.03,4.51,0.30,0.34,10.85,4.57
1876.04,4.34,0.30,0.33,10.75,4.56
1876.05,4.18,0.30,0.33,10.37,4.54
1876.06,4.15,0.30,0.32,10.09,4.53
1876.07,4.10,0.30,0.31,10.09,4.52
1876.08,3.93,0.30,0.31,10.18,4.51
1876.09,3.69,0.30,0.30,10.28,4.50
1876.1,3.67,0.30,0.29,10.47,4.49
1876.11,3.60,0.30,0.29,10.56,4.47
1876.12,3.58,0.30,0.28,10.75,4.46
1877.01,3.55,0.29,0.28,10.94,4.45
1877.02,3.34,0.28,0.28,10.66,4.44
1877.03,3.17,0.27,0.29,10.18,4.43
1877.04,2.94,0.26,0.29,10.47,4.42
1877.05,2.94,0.25,0.29,10.66,4.41
1877.06,2.73,0.25,0.29,10.09,4.40
1877.07,2.85,0.24,0.29,10.18,4.40
1877.08,3.05,0.23,0.29,9.80,4.39
1877.09,3.24,0.22,0.30,9.70,4.38
1877.1,3.31,0.21,0.30,9.70,4.37
1877.11,3.26,0.20,0.30,9.51,4.36
1877.12,3.25,0.19,0.30,9.51,4.35
1878.01,3.25,0.19,0.30,9.23,4.34
1878.02,3.18,0.19,0.30,9.13,4.33
1878.03,3.24,0.19,0.30,8.94,4.32
1878.04,3.33,0.19,0.30,8.85,4.31
1878.05,3.34,0.19,0.30,8.56,4.30
1878.06,3.41,0.19,0.31,8.37,4.29
1878.07,3.48,0.18,0.31,8.47,4.28
1878.08,3.45,0.18,0.31,8.56,4.27
1878.09,3.52,0.18,0.31,8.56,4.26
1878.1,3.48,0.18,0.31,8.47,4.25
1878.11,3.47,0.18,0.31,8.37,4.24
1878.12,3.45,0.18,0.31,8.18,4.23
1879.01,3.58,0.18,0.32,8.28,4.22
1879.02,3.71,0.18,0.32,8.37,4.20
1879.03,3.65,0.19,0.33,8.28,4.19
1879.04,3.77,0.19,0.33,8.18,4.17
1879.05,3.94,0.19,0.34,8.18,4.15
1879.06,3.96,0.19,0.35,8.09,4.14
1879.07,4.04,0.19,0.35,8.18,4.12
1879.08,4.07,0.19,0.36,8.18,4.10
1879.09,4.22,0.20,0.36,8.47,4.09
1879.1,4.68,0.20,0.37,8.94,4.07
1879.11,4.93,0.20,0.37,9.42,4.05
1879.12,4.92,0.20,0.38,9.70,4.04
1880.01,5.11,0.21,0.39,9.99,4.02
1880.02,5.20,0.21,0.40,9.99,3.99
1880.03,5.30,0.22,0.41,10.09,3.97
1880.04,5.18,0.22,0.42,9.70,3.94
1880.05,4.77,0.23,0.43,9.42,3.91
1880.06,4.79,0.23,0.44,9.23,3.89
1880.07,5.01,0.24,0.44,9.23,3.86
1880.08,5.19,0.24,0.45,9.23,3.83
1880.09,5.18,0.25,0.46,9.32,3.81
1880.1,5.33,0.25,0.47,9.32,3.78
1880.11,5.61,0.26,0.48,9.42,3.75
1880.12,5.84,0.26,0.49,9.51,3.73
1881.01,6.19,0.27,0.49,9.42,3.70
1881.02,6.17,0.27,0.48,9.51,3.69
1881.03,6.24,0.28,0.48,9.51,3.69
1881.04,6.22,0.28,0.47,9.61,3.68
1881.05,6.50,0.29,0.47,9.51,3.67
1881.06,6.58,0.29,0.47,9.51,3.67
1881.07,6.35,0.30,0.46,9.61,3.66
1881.08,6.20,0.30,0.46,9.80,3.65
1881.09,6.25,0.31,0.45,10.18,3.65
1881.1,6.15,0.31,0.45,10.28,3.64
1881.11,6.19,0.32,0.44,10.18,3.63
1881.12,6.01,0.32,0.44,10.18,3.63
1882.01,5.92,0.32,0.44,10.18,3.62
1882.02,5.79,0.32,0.44,10.28,3.62
1882.03,5.78,0.32,0.44,10.28,3.62
1882.04,5.78,0.32,0.44,10.37,3.62
1882.05,5.71,0.32,0.44,10.47,3.62
1882.06,5.68,0.32,0.44,10.56,3.62
1882.07,6.00,0.32,0.43,10.47,3.63
1882.08,6.18,0.32,0.43,10.56,3.63
1882.09,6.24,0.32,0.43,10.28,3.63
1882.1,6.07,0.32,0.43,10.18,3.63
1882.11,5.81,0.32,0.43,10.09,3.63
1882.12,5.84,0.32,0.43,9.99,3.63
1883.01,5.81,0.32,0.43,9.99,3.63
1883.02,5.68,0.32,0.43,10.09,3.63
1883.03,5.75,0.32,0.42,9.99,3.63
1883.04,5.87,0.32,0.42,9.90,3.63
1883.05,5.77,0.32,0.42,9.80,3.63
1883.06,5.82,0.33,0.42,9.51,3.63
1883.07,5.73,0.33,0.41,9.32,3.63
1883.08,5.47,0.33,0.41,9.32,3.62
1883.09,5.53,0.33,0.41,9.23,3.62
1883.1,5.38,0.33,0.41,9.23,3.62
1883.11,5.46,0.33,0.40,9.13,3.62
1883.12,5.34,0.33,0.40,9.23,3.62
1884.01,5.18,0.33,0.39,9.23,3.62
1884.02,5.32,0.33,0.39,9.23,3.61
1884.03,5.30,0.33,0.38,9.23,3.60
1884.04,5.06,0.32,0.37,9.04,3.60
1884.05,4.65,0.32,0.36,8.85,3.59
1884.06,4.46,0.32,0.36,8.85,3.58
1884.07,4.46,0.32,0.35,8.75,3.57
1884.08,4.74,0.32,0.34,8.75,3.56
1884.09,4.59,0.32,0.33,8.66,3.55
1884.1,4.44,0.31,0.33,8.56,3.55
1884.11,4.35,0.31,0.32,8.37,3.54
1884.12,4.34,0.31,0.31,8.28,3.53
1885.01,4.24,0.30,0.31,8.28,3.52
1885.02,4.37,0.30,0.30,8.37,3.51
1885.03,4.38,0.29,0.30,8.18,3.50
1885.04,4.37,0.29,0.30,8.28,3.48
1885.05,4.32,0.28,0.29,8.09,3.47
1885.06,4.30,0.28,0.29,7.90,3.46
1885.07,4.46,0.27,0.29,7.99,3.45
1885.08,4.71,0.26,0.28,7.99,3.43
1885.09,4.65,0.26,0.28,7.90,3.42
1885.1,4.92,0.25,0.28,7.90,3.41
1885.11,5.24,0.25,0.27,7.99,3.40
1885.12,5.20,0.24,0.27,8.18,3.38
1886.01,5.20,0.24,0.28,7.99,3.37
1886.02,5.30,0.24,0.28,7.99,3.38
1886.03,5.19,0.24,0.29,7.90,3.40
1886.04,5.12,0.23,0.29,7.80,3.41
1886.05,5.02,0.23,0.30,7.61,3.42
1886.06,5.25,0.23,0.30,7.52,3.43
1886.07,5.33,0.23,0.31,7.61,3.45
1886.08,5.37,0.23,0.31,7.71,3.46
1886.09,5.51,0.23,0.32,7.71,3.47
1886.1,5.65,0.22,0.32,7.71,3.48
1886.11,5.79,0.22,0.33,7.71,3.50
1886.12,5.64,0.22,0.33,7.80,3.51
1887.01,5.58,0.22,0.33,7.99,3.52
1887.02,5.54,0.23,0.34,8.09,3.53
1887.03,5.67,0.23,0.34,8.09,3.55
1887.04,5.80,0.23,0.34,8.09,3.56
1887.05,5.90,0.23,0.34,8.09,3.57
1887.06,5.73,0.24,0.35,7.99,3.58
1887.07,5.59,0.24,0.35,7.90,3.60
1887.08,5.45,0.24,0.35,7.99,3.61
1887.09,5.38,0.24,0.35,7.90,3.62
1887.1,5.20,0.25,0.36,7.99,3.63
1887.11,5.30,0.25,0.36,8.09,3.65
1887.12,5.27,0.25,0.36,8.28,3.66
1888.01,5.31,0.25,0.35,8.37,3.67
1888.02,5.28,0.25,0.34,8.28,3.65
1888.03,5.08,0.25,0.34,8.28,3.63
1888.04,5.10,0.24,0.33,8.18,3.62
1888.05,5.17,0.24,0.32,8.09,3.60
1888.06,5.01,0.24,0.31,7.99,3.58
1888.07,5.14,0.24,0.30,8.09,3.56
1888.08,5.25,0.24,0.29,8.09,3.54
1888.09,5.38,0.24,0.29,8.09,3.52
1888.1,5.35,0.23,0.28,8.18,3.51
1888.11,5.24,0.23,0.27,8.28,3.49
1888.12,5.14,0.23,0.26,8.28,3.47
1889.01,5.24,0.23,0.26,7.99,3.45
1889.02,5.30,0.23,0.27,7.90,3.45
1889.03,5.19,0.23,0.27,7.80,3.45
1889.04,5.18,0.23,0.27,7.80,3.44
1889.05,5.32,0.23,0.28,7.61,3.44
1889.06,5.41,0.23,0.28,7.61,3.44
1889.07,5.30,0.22,0.28,7.61,3.44
1889.08,5.37,0.22,0.29,7.61,3.43
1889.09,5.50,0.22,0.29,7.71,3.43
1889.1,5.40,0.22,0.29,7.71,3.43
1889.11,5.35,0.22,0.30,7.71,3.43
1889.12,5.32,0.22,0.30,7.80,3.42
1890.01,5.38,0.22,0.30,7.61,3.42
1890.02,5.32,0.22,0.30,7.61,3.44
1890.03,5.28,0.22,0.30,7.61,3.45
1890.04,5.39,0.22,0.30,7.61,3.47
1890.05,5.62,0.22,0.30,7.71,3.49
1890.06,5.58,0.22,0.30,7.71,3.50
1890.07,5.54,0.22,0.29,7.71,3.52
1890.08,5.41,0.22,0.29,7.99,3.54
1890.09,5.32,0.22,0.29,8.09,3.55
1890.1,5.08,0.22,0.29,8.09,3.57
1890.11,4.71,0.22,0.29,7.90,3.59
1890.12,4.60,0.22,0.29,7.90,3.60
1891.01,4.84,0.22,0.29,7.80,3.62
1891.02,4.90,0.22,0.30,7.90,3.62
1891.03,4.81,0.22,0.30,7.99,3.62
1891.04,4.97,0.22,0.31,8.09,3.62
1891.05,4.95,0.22,0.31,7.99,3.61
1891.06,4.85,0.22,0.32,7.80,3.61
1891.07,4.77,0.22,0.32,7.71,3.61
1891.08,4.93,0.22,0.32,7.71,3.61
1891.09,5.33,0.22,0.33,7.61,3.61
1891.1,5.33,0.22,0.33,7.61,3.61
1891.11,5.25,0.22,0.34,7.52,3.60
1891.12,5.41,0.22,0.34,7.52,3.60
1892.01,5.51,0.22,0.34,7.33,3.60
1892.02,5.52,0.22,0.35,7.33,3.61
1892.03,5.58,0.23,0.35,7.14,3.63
1892.04,5.57,0.23,0.35,7.04,3.64
1892.05,5.57,0.23,0.35,7.04,3.65
1892.06,5.54,0.23,0.36,7.04,3.66
1892.07,5.54,0.23,0.36,7.23,3.68
1892.08,5.62,0.23,0.36,7.33,3.69
1892.09,5.48,0.24,0.36,7.33,3.70
1892.1,5.59,0.24,0.37,7.33,3.71
1892.11,5.57,0.24,0.37,7.52,3.73
1892.12,5.51,0.24,0.37,7.61,3.74
1893.01,5.61,0.24,0.36,7.90,3.75
1893.02,5.51,0.24,0.35,7.99,3.75
1893.03,5.31,0.24,0.34,7.80,3.74
1893.04,5.31,0.24,0.33,7.71,3.74
1893.05,4.84,0.24,0.32,7.61,3.73
1893.06,4.61,0.25,0.32,7.42,3.73
1893.07,4.18,0.25,0.31,7.23,3.73
1893.08,4.08,0.25,0.30,6.95,3.72
1893.09,4.37,0.25,0.29,7.23,3.72
1893.1,4.50,0.25,0.28,7.33,3.71
1893.11,4.57,0.25,0.27,7.14,3.71
1893.12,4.41,0.25,0.26,7.04,3.70
1894.01,4.32,0.25,0.25,6.85,3.70
1894.02,4.38,0.24,0.24,6.76,3.68
1894.03,4.51,0.24,0.24,6.57,3.66
1894.04,4.57,0.24,0.23,6.57,3.64
1894.05,4.40,0.23,0.22,6.57,3.62
1894.06,4.34,0.23,0.21,6.57,3.60
1894.07,4.25,0.23,0.20,6.57,3.58
1894.08,4.41,0.22,0.19,6.76,3.56
1894.09,4.48,0.22,0.19,6.85,3.54
1894.1,4.34,0.22,0.18,6.66,3.52
1894.11,4.34,0.21,0.17,6.66,3.50
1894.12,4.30,0.21,0.16,6.57,3.48
1895.01,4.25,0.21,0.17,6.57,3.46
1895.02,4.19,0.21,0.18,6.57,3.47
1895.03,4.19,0.21,0.18,6.57,3.48
1895.04,4.37,0.20,0.19,6.85,3.50
1895.05,4.61,0.20,0.20,6.95,3.51
1895.06,4.70,0.20,0.21,7.04,3.52
1895.07,4.72,0.20,0.21,6.95,3.53
1895.08,4.79,0.20,0.22,6.85,3.54
1895.09,4.82,0.20,0.23,6.85,3.55
1895.1,4.75,0.19,0.24,6.85,3.57
1895.11,4.59,0.19,0.24,6.85,3.58
1895.12,4.32,0.19,0.25,6.76,3.59
1896.01,4.27,0.19,0.25,6.66,3.60
1896.02,4.45,0.19,0.24,6.57,3.58
1896.03,4.38,0.19,0.24,6.57,3.57
1896.04,4.42,0.19,0.24,6.47,3.55
1896.05,4.40,0.19,0.23,6.37,3.53
1896.06,4.32,0.19,0.23,6.28,3.52
1896.07,4.04,0.18,0.23,6.28,3.50
1896.08,3.81,0.18,0.22,6.28,3.48
1896.09,4.01,0.18,0.22,6.28,3.47
1896.1,4.10,0.18,0.22,6.47,3.45
1896.11,4.38,0.18,0.21,6.66,3.43
1896.12,4.22,0.18,0.21,6.66,3.42
1897.01,4.22,0.18,0.22,6.47,3.40
1897.02,4.18,0.18,0.23,6.47,3.40
1897.03,4.19,0.18,0.24,6.47,3.39
1897.04,4.06,0.18,0.24,6.37,3.39
1897.05,4.08,0.18,0.25,6.28,3.38
1897.06,4.27,0.18,0.26,6.28,3.38
1897.07,4.46,0.18,0.27,6.28,3.38
1897.08,4.75,0.18,0.28,6.57,3.37
1897.09,4.98,0.18,0.29,6.76,3.37
1897.1,4.82,0.18,0.29,6.66,3.36
1897.11,4.65,0.18,0.30,6.66,3.36
1897.12,4.75,0.18,0.31,6.66,3.35
1898.01,4.88,0.18,0.31,6.66,3.35
1898.02,4.87,0.18,0.32,6.76,3.33
1898.03,4.65,0.19,0.32,6.76,3.31
1898.04,4.57,0.19,0.32,6.76,3.29
1898.05,4.87,0.19,0.33,7.23,3.27
1898.06,5.06,0.19,0.33,6.76,3.25
1898.07,5.08,0.19,0.33,6.66,3.23
1898.08,5.27,0.19,0.34,6.66,3.20
1898.09,5.26,0.20,0.34,6.66,3.18
1898.1,5.15,0.20,0.34,6.66,3.16
1898.11,5.32,0.20,0.35,6.66,3.14
1898.12,5.65,0.20,0.35,6.76,3.12
1899.01,6.08,0.20,0.36,6.76,3.10
1899.02,6.31,0.20,0.37,6.95,3.10
1899.03,6.40,0.20,0.38,6.95,3.11
1899.04,6.48,0.20,0.39,7.04,3.11
1899.05,6.21,0.20,0.40,7.04,3.12
1899.06,6.07,0.21,0.42,7.14,3.12
1899.07,6.28,0.21,0.43,7.23,3.13
1899.08,6.44,0.21,0.44,7.33,3.13
1899.09,6.37,0.21,0.45,7.61,3.13
1899.1,6.34,0.21,0.46,7.71,3.14
1899.11,6.46,0.21,0.47,7.80,3.14
1899.12,6.02,0.21,0.48,7.90,3.15
1900.01,6.10,0.22,0.48,7.90,3.15
1900.02,6.21,0.23,0.48,7.99,3.15
1900.03,6.26,0.23,0.48,7.99,3.14
1900.04,6.34,0.24,0.48,7.99,3.14
1900.05,6.04,0.25,0.48,7.80,3.13
1900.06,5.86,0.26,0.48,7.71,3.13
1900.07,5.86,0.26,0.48,7.80,3.13
1900.08,5.94,0.27,0.48,7.71,3.12
1900.09,5.80,0.28,0.48,7.80,3.12
1900.1,6.01,0.29,0.48,7.71,3.11
1900.11,6.48,0.29,0.48,7.71,3.11
1900.12,6.87,0.30,0.48,7.61,3.10
1901.01,7.07,0.30,0.48,7.71,3.10
1901.02,7.25,0.30,0.48,7.61,3.11
1901.03,7.51,0.31,0.49,7.61,3.11
1901.04,8.14,0.31,0.49,7.52,3.12
1901.05,7.73,0.31,0.49,7.52,3.13
1901.06,8.50,0.31,0.49,7.52,3.13
1901.07,7.93,0.31,0.49,7.61,3.14
1901.08,8.04,0.31,0.49,7.71,3.15
1901.09,8.00,0.32,0.50,7.80,3.15
1901.1,7.91,0.32,0.50,7.80,3.16
1901.11,8.08,0.32,0.50,7.90,3.17
1901.12,7.95,0.32,0.50,7.99,3.17
1902.01,8.12,0.32,0.51,7.90,3.18
1902.02,8.19,0.32,0.52,7.90,3.19
1902.03,8.20,0.32,0.53,7.90,3.20
1902.04,8.48,0.32,0.54,7.99,3.21
1902.05,8.46,0.32,0.55,8.09,3.22
1902.06,8.41,0.33,0.57,8.18,3.23
1902.07,8.60,0.33,0.58,8.18,3.24
1902.08,8.83,0.33,0.59,8.09,3.25
1902.09,8.85,0.33,0.60,8.18,3.26
1902.1,8.57,0.33,0.61,8.75,3.27
1902.11,8.24,0.33,0.62,8.47,3.28
1902.12,8.05,0.33,0.63,8.56,3.29
1903.01,8.46,0.33,0.62,8.66,3.30
1903.02,8.41,0.33,0.61,8.66,3.31
1903.03,8.08,0.34,0.61,8.37,3.32
1903.04,7.75,0.34,0.60,8.37,3.33
1903.05,7.60,0.34,0.59,8.18,3.33
1903.06,7.18,0.34,0.58,8.18,3.34
1903.07,6.85,0.34,0.57,8.18,3.35
1903.08,6.63,0.34,0.56,8.18,3.36
1903.09,6.47,0.35,0.56,8.28,3.37
1903.1,6.26,0.35,0.55,8.18,3.38
1903.11,6.28,0.35,0.54,8.09,3.38
1903.12,6.57,0.35,0.53,8.09,3.39
1904.01,6.68,0.35,0.53,8.28,3.40
1904.02,6.50,0.34,0.52,8.47,3.41
1904.03,6.48,0.34,0.52,8.37,3.41
1904.04,6.64,0.34,0.52,8.28,3.42
1904.05,6.50,0.33,0.51,8.09,3.43
1904.06,6.51,0.33,0.51,8.09,3.43
1904.07,6.78,0.33,0.51,8.09,3.44
1904.08,7.01,0.32,0.50,8.18,3.45
1904.09,7.32,0.32,0.50,8.28,3.45
1904.1,7.75,0.32,0.50,8.28,3.46
1904.11,8.17,0.31,0.49,8.47,3.47
1904.12,8.25,0.31,0.49,8.47,3.47
1905.01,8.43,0.31,0.51,8.47,3.48
1905.02,8.80,0.31,0.52,8.47,3.48
1905.03,9.05,0.32,0.54,8.37,3.47
1905.04,8.94,0.32,0.55,8.37,3.47
1905.05,8.50,0.32,0.57,8.28,3.46
1905.06,8.60,0.32,0.58,8.28,3.46
1905.07,8.87,0.32,0.60,8.28,3.46
1905.08,9.20,0.32,0.61,8.37,3.45
1905.09,9.23,0.33,0.63,8.28,3.45
1905.1,9.36,0.33,0.64,8.28,3.44
1905.11,9.31,0.33,0.66,8.37,3.44
1905.12,9.54,0.33,0.67,8.47,3.43
1906.01,9.87,0.34,0.68,8.47,3.43
1906.02,9.80,0.34,0.69,8.47,3.45
1906.03,9.56,0.35,0.69,8.47,3.47
1906.04,9.43,0.35,0.70,8.47,3.49
1906.05,9.18,0.36,0.71,8.56,3.51
1906.06,9.30,0.37,0.72,8.56,3.53
1906.07,9.06,0.37,0.72,8.28,3.55
1906.08,9.73,0.38,0.73,8.47,3.57
1906.09,10.03,0.38,0.74,8.56,3.59
1906.1,9.73,0.39,0.75,8.75,3.61
1906.11,9.93,0.39,0.75,8.85,3.63
1906.12,9.84,0.40,0.76,8.94,3.65
1907.01,9.56,0.40,0.75,8.85,3.67
1907.02,9.26,0.41,0.74,9.04,3.69
1907.03,8.35,0.41,0.74,8.94,3.70
1907.04,8.39,0.41,0.73,8.94,3.72
1907.05,8.10,0.42,0.72,9.13,3.74
1907.06,7.84,0.42,0.71,9.23,3.75
1907.07,8.14,0.42,0.70,9.23,3.77
1907.08,7.53,0.43,0.69,9.23,3.79
1907.09,7.45,0.43,0.69,9.23,3.80
1907.1,6.64,0.43,0.68,9.32,3.82
1907.11,6.25,0.44,0.67,8.94,3.84
1907.12,6.57,0.44,0.66,8.75,3.85
1908.01,6.85,0.44,0.65,8.66,3.87
1908.02,6.60,0.43,0.65,8.56,3.86
1908.03,6.87,0.43,0.64,8.56,3.85
1908.04,7.24,0.43,0.63,8.66,3.84
1908.05,7.63,0.42,0.63,8.66,3.83
1908.06,7.64,0.42,0.62,8.66,3.82
1908.07,7.92,0.42,0.61,8.75,3.82
1908.08,8.26,0.41,0.61,8.75,3.81
1908.09,8.17,0.41,0.60,8.75,3.80
1908.1,8.27,0.41,0.59,8.85,3.79
1908.11,8.83,0.40,0.59,8.94,3.78
1908.12,9.03,0.40,0.58,9.04,3.77
1909.01,9.06,0.40,0.60,8.94,3.76
1909.02,8.80,0.41,0.61,9.04,3.77
1909.03,8.92,0.41,0.63,9.04,3.79
1909.04,9.32,0.41,0.64,9.23,3.80
1909.05,9.63,0.42,0.66,9.32,3.81
1909.06,9.80,0.42,0.67,9.42,3.82
1909.07,9.94,0.42,0.69,9.42,3.84
1909.08,10.18,0.43,0.70,9.51,3.85
1909.09,10.19,0.43,0.72,9.61,3.86
1909.1,10.23,0.43,0.73,9.80,3.87
1909.11,10.18,0.44,0.75,9.90,3.89
1909.12,10.30,0.44,0.76,9.99,3.90
1910.01,10.08,0.44,0.76,9.90,3.91
1910.02,9.72,0.45,0.76,9.90,3.92
1910.03,9.96,0.45,0.75,10.09,3.92
1910.04,9.72,0.45,0.75,10.18,3.93
1910.05,9.56,0.45,0.75,9.99,3.93
1910.06,9.10,0.46,0.75,9.90,3.94
1910.07,8.64,0.46,0.74,9.90,3.95
1910.08,8.85,0.46,0.74,9.80,3.95
1910.09,8.91,0.46,0.74,9.70,3.96
1910.1,9.32,0.47,0.74,9.42,3.96
1910.11,9.31,0.47,0.73,9.23,3.97
1910.12,9.05,0.47,0.73,9.23,3.97
1911.01,9.27,0.47,0.72,9.23,3.98
1911.02,9.43,0.47,0.71,8.94,3.98
1911.03,9.32,0.47,0.70,9.04,3.99
1911.04,9.28,0.47,0.68,8.75,3.99
1911.05,9.48,0.47,0.67,8.75,3.99
1911.06,9.67,0.47,0.66,8.75,3.99
1911.07,9.63,0.47,0.65,8.85,4.00
1911.08,9.17,0.47,0.64,9.13,4.00
1911.09,8.67,0.47,0.63,9.23,4.00
1911.1,8.72,0.47,0.61,9.23,4.00
1911.11,9.07,0.47,0.60,9.13,4.01
1911.12,9.11,0.47,0.59,9.04,4.01
1912.01,9.12,0.47,0.60,9.13,4.01
1912.02,9.04,0.47,0.61,9.23,4.05
1912.03,9.30,0.47,0.62,9.42,4.08
1912.04,9.59,0.47,0.63,9.70,4.12
1912.05,9.58,0.47,0.64,9.70,4.16
1912.06,9.58,0.48,0.65,9.61,4.19
1912.07,9.59,0.48,0.65,9.61,4.23
1912.08,9.81,0.48,0.66,9.70,4.27
1912.09,9.86,0.48,0.67,9.80,4.30
1912.1,9.84,0.48,0.68,9.80,4.34
1912.11,9.73,0.48,0.69,9.80,4.38
1912.12,9.38,0.48,0.70,9.70,4.41
1913.01,9.30,0.48,0.69,9.80,4.45
1913.02,8.97,0.48,0.69,9.80,4.43
1913.03,8.80,0.48,0.68,9.80,4.40
1913.04,8.79,0.48,0.68,9.80,4.38
1913.05,8.55,0.48,0.67,9.70,4.35
1913.06,8.12,0.48,0.67,9.80,4.33
1913.07,8.23,0.48,0.66,9.90,4.31
1913.08,8.45,0.48,0.65,9.90,4.28
1913.09,8.53,0.48,0.65,10.00,4.26
1913.1,8.26,0.48,0.64,10.00,4.23
1913.11,8.05,0.48,0.64,10.10,4.21
1913.12,8.04,0.48,0.63,10.00,4.18
1914.01,8.37,0.48,0.62,10.00,4.16
1914.02,8.48,0.47,0.61,9.90,4.17
1914.03,8.32,0.47,0.60,9.90,4.17
1914.04,8.12,0.46,0.59,9.80,4.18
1914.05,8.17,0.46,0.58,9.90,4.19
1914.06,8.13,0.45,0.58,9.90,4.19
1914.07,7.68,0.45,0.57,10.00,4.20
1914.08,7.68,0.44,0.56,10.20,4.21
1914.09,7.68,0.44,0.55,10.20,4.21
1914.1,7.68,0.43,0.54,10.10,4.22
1914.11,7.68,0.43,0.53,10.20,4.23
1914.12,7.35,0.42,0.52,10.10,4.23
1915.01,7.48,0.42,0.55,10.10,4.24
1915.02,7.38,0.42,0.58,10.00,4.22
1915.03,7.57,0.42,0.61,9.90,4.21
1915.04,8.14,0.42,0.64,10.00,4.19
1915.05,7.95,0.42,0.67,10.10,4.18
1915.06,8.04,0.43,0.70,10.10,4.16
1915.07,8.01,0.43,0.73,10.10,4.15
1915.08,8.35,0.43,0.76,10.10,4.13
1915.09,8.66,0.43,0.79,10.10,4.11
1915.1,9.14,0.43,0.82,10.20,4.10
1915.11,9.46,0.43,0.85,10.30,4.08
1915.12,9.48,0.43,0.88,10.30,4.07
1916.01,9.33,0.44,0.93,10.40,4.05
1916.02,9.20,0.45,0.99,10.40,4.07
1916.03,9.17,0.46,1.04,10.50,4.08
1916.04,9.07,0.47,1.10,10.60,4.10
1916.05,9.27,0.48,1.15,10.70,4.11
1916.06,9.36,0.50,1.21,10.80,4.13
1916.07,9.23,0.51,1.26,10.80,4.14
1916.08,9.30,0.52,1.31,10.90,4.16
1916.09,9.68,0.53,1.37,11.10,4.17
1916.1,9.98,0.54,1.42,11.30,4.19
1916.11,10.21,0.55,1.48,11.50,4.20
1916.12,9.80,0.56,1.53,11.60,4.22
1917.01,9.57,0.57,1.51,11.70,4.23
1917.02,9.03,0.58,1.49,12.00,4.26
1917.03,9.31,0.59,1.47,12.00,4.29
1917.04,9.17,0.60,1.45,12.60,4.32
1917.05,8.86,0.61,1.43,12.80,4.34
1917.06,9.04,0.63,1.41,13.00,4.37
1917.07,8.79,0.64,1.38,12.80,4.40
1917.08,8.53,0.65,1.36,13.00,4.43
1917.09,8.12,0.66,1.34,13.30,4.46
1917.1,7.68,0.67,1.32,13.50,4.49
1917.11,7.04,0.68,1.30,13.50,4.51
1917.12,6.80,0.69,1.28,13.70,4.54
1918.01,7.21,0.68,1.26,14.00,4.57
1918.02,7.43,0.67,1.23,14.10,4.56
1918.03,7.28,0.66,1.21,14.00,4.56
1918.04,7.21,0.65,1.18,14.20,4.55
1918.05,7.44,0.64,1.16,14.50,4.55
1918.06,7.45,0.63,1.14,14.70,4.54
1918.07,7.51,0.62,1.11,15.10,4.54
1918.08,7.58,0.61,1.09,15.40,4.53
1918.09,7.54,0.60,1.06,15.70,4.52
1918.1,7.86,0.59,1.04,16.00,4.52
1918.11,8.06,0.58,1.01,16.30,4.51
1918.12,7.90,0.57,0.99,16.50,4.51
1919.01,7.85,0.57,0.99,16.50,4.50
1919.02,7.88,0.56,0.98,16.20,4.54
1919.03,8.12,0.56,0.98,16.40,4.58
1919.04,8.39,0.56,0.97,16.70,4.62
1919.05,8.97,0.55,0.97,16.90,4.66
1919.06,9.21,0.55,0.96,16.90,4.70
1919.07,9.51,0.55,0.96,17.40,4.74
1919.08,8.87,0.54,0.95,17.70,4.77
1919.09,9.01,0.54,0.95,17.80,4.81
1919.1,9.47,0.54,0.94,18.10,4.85
1919.11,9.19,0.53,0.94,18.50,4.89
1919.12,8.92,0.53,0.93,18.90,4.93
1920.01,8.83,0.53,0.92,19.30,4.97
1920.02,8.10,0.53,0.91,19.50,4.98
1920.03,8.67,0.53,0.90,19.70,4.99
1920.04,8.60,0.52,0.89,20.30,5.00
1920.05,8.06,0.52,0.88,20.60,5.01
1920.06,7.92,0.52,0.87,20.90,5.02
1920.07,7.91,0.52,0.85,20.80,5.03
1920.08,7.60,0.52,0.84,20.30,5.04
1920.09,7.87,0.52,0.83,20.00,5.05
1920.1,7.88,0.51,0.82,19.90,5.06
1920.11,7.48,0.51,0.81,19.80,5.07
1920.12,6.81,0.51,0.80,19.40,5.08
1921.01,7.11,0.51,0.76,19.00,5.09
1921.02,7.06,0.50,0.72,18.40,5.02
1921.03,6.88,0.50,0.67,18.30,4.96
1921.04,6.91,0.49,0.63,18.10,4.89
1921.05,7.12,0.49,0.59,17.70,4.83
1921.06,6.55,0.49,0.55,17.60,4.76
1921.07,6.53,0.48,0.50,17.70,4.70
1921.08,6.45,0.48,0.46,17.70,4.63
1921.09,6.61,0.47,0.42,17.50,4.56
1921.1,6.70,0.47,0.38,17.50,4.50
1921.11,7.06,0.46,0.33,17.40,4.43
1921.12,7.31,0.46,0.29,17.30,4.37
1922.01,7.30,0.46,0.32,16.90,4.30
1922.02,7.46,0.47,0.36,16.90,4.31
1922.03,7.74,0.47,0.39,16.70,4.31
1922.04,8.21,0.48,0.42,16.70,4.32
1922.05,8.53,0.48,0.46,16.70,4.32
1922.06,8.45,0.49,0.49,16.70,4.33
1922.07,8.51,0.49,0.52,16.80,4.33
1922.08,8.83,0.49,0.56,16.60,4.34
1922.09,9.06,0.50,0.59,16.60,4.34
1922.1,9.26,0.50,0.62,16.70,4.35
1922.11,8.80,0.51,0.66,16.80,4.35
1922.12,8.78,0.51,0.69,16.90,4.36
1923.01,8.90,0.51,0.71,16.80,4.36
1923.02,9.28,0.51,0.74,16.80,4.34
1923.03,9.43,0.52,0.76,16.80,4.31
1923.04,9.10,0.52,0.79,16.90,4.29
1923.05,8.67,0.52,0.81,16.90,4.26
1923.06,8.34,0.52,0.84,17.00,4.24
1923.07,8.06,0.52,0.86,17.20,4.21
1923.08,8.10,0.52,0.88,17.10,4.19
1923.09,8.15,0.53,0.91,17.20,4.16
1923.1,8.03,0.53,0.93,17.30,4.14
1923.11,8.27,0.53,0.96,17.30,4.11
1923.12,8.55,0.53,0.98,17.30,4.09
1924.01,8.83,0.53,0.98,17.30,4.06
1924.02,8.87,0.53,0.97,17.20,4.04
1924.03,8.70,0.54,0.97,17.10,4.03
1924.04,8.50,0.54,0.96,17.00,4.01
1924.05,8.47,0.54,0.96,17.00,3.99
1924.06,8.63,0.54,0.96,17.00,3.98
1924.07,9.03,0.54,0.95,17.10,3.96
1924.08,9.34,0.54,0.95,17.00,3.94
1924.09,9.25,0.55,0.94,17.10,3.93
1924.1,9.13,0.55,0.94,17.20,3.91
1924.11,9.64,0.55,0.93,17.20,3.89
1924.12,10.16,0.55,0.93,17.30,3.88
1925.01,10.58,0.55,0.96,17.30,3.86
1925.02,10.67,0.56,0.98,17.20,3.85
1925.03,10.39,0.56,1.01,17.30,3.83
1925.04,10.28,0.57,1.04,17.20,3.82
1925.05,10.61,0.57,1.06,17.30,3.80
1925.06,10.80,0.58,1.09,17.50,3.79
1925.07,11.10,0.58,1.12,17.70,3.77
1925.08,11.25,0.58,1.14,17.70,3.76
1925.09,11.51,0.59,1.17,17.70,3.74
1925.1,11.89,0.59,1.20,17.70,3.73
1925.11,12.26,0.60,1.22,18.00,3.71
1925.12,12.46,0.60,1.25,17.90,3.70
1926.01,12.65,0.61,1.25,17.90,3.68
1926.02,12.67,0.62,1.25,17.90,3.65
1926.03,11.81,0.62,1.25,17.80,3.62
1926.04,11.48,0.63,1.25,17.90,3.60
1926.05,11.56,0.64,1.25,17.80,3.57
1926.06,12.11,0.65,1.25,17.70,3.54
1926.07,12.62,0.65,1.24,17.50,3.51
1926.08,13.12,0.66,1.24,17.40,3.48
1926.09,13.32,0.67,1.24,17.50,3.45
1926.1,13.02,0.68,1.24,17.60,3.43
1926.11,13.19,0.68,1.24,17.70,3.40
1926.12,13.49,0.69,1.24,17.70,3.37
1927.01,13.40,0.70,1.23,17.50,3.34
1927.02,13.66,0.70,1.22,17.40,3.34
1927.03,13.87,0.71,1.21,17.30,3.34
1927.04,14.21,0.72,1.20,17.30,3.34
1927.05,14.70,0.72,1.19,17.40,3.34
1927.06,14.89,0.73,1.18,17.60,3.34
1927.07,15.22,0.74,1.16,17.30,3.34
1927.08,16.03,0.74,1.15,17.20,3.33
1927.09,16.94,0.75,1.14,17.30,3.33
1927.1,16.68,0.76,1.13,17.40,3.33
1927.11,17.06,0.76,1.12,17.30,3.33
1927.12,17.46,0.77,1.11,17.30,3.33
1928.01,17.53,0.78,1.13,17.30,3.33
1928.02,17.32,0.78,1.16,17.10,3.35
1928.03,18.25,0.79,1.18,17.10,3.38
1928.04,19.40,0.80,1.20,17.10,3.40
1928.05,20.00,0.80,1.22,17.20,3.42
1928.06,19.02,0.81,1.25,17.10,3.44
1928.07,19.16,0.82,1.27,17.10,3.47
1928.08,19.78,0.82,1.29,17.10,3.49
1928.09,21.17,0.83,1.31,17.30,3.51
1928.1,21.60,0.84,1.34,17.20,3.53
1928.11,23.06,0.84,1.36,17.20,3.56
1928.12,23.15,0.85,1.38,17.10,3.58
1929.01,24.86,0.86,1.40,17.10,3.60
1929.02,24.99,0.87,1.42,17.10,3.57
1929.03,25.43,0.88,1.44,17.00,3.55
1929.04,25.28,0.89,1.46,16.90,3.52
1929.05,25.66,0.90,1.48,17.00,3.50
1929.06,26.15,0.91,1.50,17.10,3.47
1929.07,28.48,0.92,1.51,17.30,3.45
1929.08,30.10,0.93,1.53,17.30,3.42
1929.09,31.30,0.94,1.55,17.30,3.39
1929.1,27.99,0.95,1.57,17.30,3.37
1929.11,20.58,0.96,1.59,17.30,3.34
1929.12,21.40,0.97,1.61,17.20,3.32
1930.01,21.71,0.97,1.56,17.10,3.29
1930.02,23.07,0.97,1.50,17.00,3.29
1930.03,23.94,0.97,1.45,16.90,3.30
1930.04,25.46,0.97,1.40,17.00,3.30
1930.05,23.94,0.97,1.34,16.90,3.31
1930.06,21.52,0.98,1.29,16.80,3.31
1930.07,21.06,0.98,1.24,16.60,3.32
1930.08,20.79,0.98,1.18,16.50,3.32
1930.09,20.78,0.98,1.13,16.60,3.32
1930.1,17.92,0.98,1.08,16.50,3.33
1930.11,16.62,0.98,1.02,16.40,3.33
1930.12,15.51,0.98,0.97,16.10,3.34
1931.01,15.98,0.97,0.94,15.90,3.34
1931.02,17.20,0.95,0.91,15.70,3.37
1931.03,17.53,0.94,0.88,15.60,3.40
1931.04,15.86,0.93,0.85,15.50,3.43
1931.05,14.33,0.91,0.82,15.30,3.45
1931.06,13.87,0.90,0.79,15.10,3.48
1931.07,14.33,0.89,0.76,15.10,3.51
1931.08,13.90,0.87,0.73,15.10,3.54
1931.09,11.83,0.86,0.70,15.00,3.57
1931.1,10.25,0.85,0.67,14.90,3.60
1931.11,10.39,0.83,0.64,14.70,3.62
1931.12,8.44,0.82,0.61,14.60,3.65
1932.01,8.30,0.79,0.59,14.30,3.68
1932.02,8.23,0.77,0.58,14.10,3.65
1932.03,8.26,0.74,0.56,14.00,3.62
1932.04,6.28,0.71,0.54,13.90,3.59
1932.05,5.51,0.69,0.53,13.70,3.56
1932.06,4.77,0.66,0.51,13.60,3.53
1932.07,5.01,0.63,0.49,13.60,3.50
1932.08,7.53,0.61,0.48,13.50,3.46
1932.09,8.26,0.58,0.46,13.40,3.43
1932.1,7.12,0.55,0.44,13.30,3.40
1932.11,7.05,0.53,0.43,13.20,3.37
1932.12,6.82,0.50,0.41,13.10,3.34
1933.01,7.09,0.50,0.41,12.90,3.31
1933.02,6.25,0.49,0.42,12.70,3.29
1933.03,6.23,0.49,0.42,12.60,3.28
1933.04,6.89,0.48,0.42,12.60,3.26
1933.05,8.87,0.48,0.42,12.60,3.25
1933.06,10.39,0.47,0.43,12.70,3.23
1933.07,11.23,0.47,0.43,13.10,3.22
1933.08,10.67,0.46,0.43,13.20,3.20
1933.09,10.58,0.46,0.43,13.20,3.18
1933.1,9.55,0.45,0.44,13.20,3.17
1933.11,9.78,0.45,0.44,13.20,3.15
1933.12,9.97,0.44,0.44,13.20,3.14
1934.01,10.54,0.44,0.44,13.20,3.12
1934.02,11.32,0.44,0.45,13.30,3.09
1934.03,10.74,0.44,0.45,13.30,3.07
1934.04,10.92,0.44,0.46,13.30,3.04
1934.05,9.81,0.44,0.46,13.30,3.01
1934.06,9.94,0.45,0.47,13.40,2.98
1934.07,9.47,0.45,0.47,13.40,2.96
1934.08,9.10,0.45,0.47,13.40,2.93
1934.09,8.88,0.45,0.48,13.60,2.90
1934.1,8.95,0.45,0.48,13.50,2.87
1934.11,9.20,0.45,0.49,13.50,2.85
1934.12,9.26,0.45,0.49,13.40,2.82
1935.01,9.26,0.45,0.57,13.60,2.79
1935.02,8.98,0.45,0.65,13.70,2.78
1935.03,8.41,0.45,0.73,13.70,2.77
1935.04,9.04,0.45,0.76,13.80,2.76
1935.05,9.75,0.44,0.78,13.80,2.74
1935.06,10.12,0.44,0.81,13.70,2.73
1935.07,10.65,0.44,0.79,13.70,2.72
1935.08,11.37,0.44,0.78,13.70,2.71
1935.09,11.61,0.44,0.76,13.70,2.70
1935.1,11.92,0.45,0.76,13.70,2.69
1935.11,13.04,0.46,0.76,13.80,2.67
1935.12,13.04,0.47,0.76,13.80,2.66
1936.01,13.76,0.48,0.77,13.80,2.65
1936.02,14.55,0.49,0.78,13.80,2.65
1936.03,14.86,0.50,0.79,13.70,2.66
1936.04,14.88,0.52,0.82,13.70,2.66
1936.05,14.09,0.53,0.85,13.70,2.66
1936.06,14.69,0.55,0.88,13.80,2.66
1936.07,15.56,0.57,0.90,13.90,2.67
1936.08,15.87,0.59,0.92,14.00,2.67
1936.09,16.05,0.61,0.94,14.00,2.67
1936.1,16.89,0.65,0.97,14.00,2.67
1936.11,17.36,0.68,0.99,14.00,2.68
1936.12,17.06,0.72,1.02,14.00,2.68
1937.01,17.59,0.73,1.05,14.10,2.68
1937.02,18.11,0.74,1.08,14.10,2.67
1937.03,18.09,0.75,1.11,14.20,2.66
1937.04,17.01,0.78,1.13,14.30,2.65
1937.05,16.25,0.81,1.15,14.40,2.64
1937.06,15.64,0.84,1.17,14.40,2.63
1937.07,16.57,0.82,1.19,14.50,2.62
1937.08,16.74,0.79,1.20,14.50,2.61
1937.09,14.37,0.77,1.22,14.60,2.60
1937.1,12.28,0.78,1.19,14.60,2.59
1937.11,11.20,0.79,1.16,14.50,2.58
1937.12,11.02,0.80,1.13,14.40,2.57
1938.01,11.31,0.79,1.08,14.20,2.56
1938.02,11.04,0.79,1.02,14.10,2.54
1938.03,10.31,0.78,0.97,14.10,2.53
1938.04,9.89,0.77,0.90,14.20,2.51
1938.05,9.98,0.75,0.84,14.10,2.49
1938.06,10.21,0.74,0.77,14.10,2.48
1938.07,12.24,0.71,0.72,14.10,2.46
1938.08,12.31,0.69,0.67,14.10,2.44
1938.09,11.75,0.66,0.62,14.10,2.43
1938.1,13.06,0.61,0.63,14.00,2.41
1938.11,13.07,0.56,0.63,14.00,2.39
1938.12,12.69,0.51,0.64,14.00,2.38
1939.01,12.50,0.51,0.66,14.00,2.36
1939.02,12.40,0.52,0.69,13.90,2.35
1939.03,12.39,0.52,0.71,13.90,2.34
1939.04,10.83,0.52,0.73,13.80,2.32
1939.05,11.23,0.53,0.74,13.80,2.31
1939.06,11.43,0.53,0.76,13.80,2.30
1939.07,11.71,0.54,0.78,13.80,2.29
1939.08,11.54,0.55,0.79,13.80,2.27
1939.09,12.77,0.56,0.81,14.10,2.26
1939.1,12.90,0.58,0.84,14.00,2.25
1939.11,12.67,0.60,0.87,14.00,2.24
1939.12,12.37,0.62,0.90,14.00,2.22
1940.01,12.30,0.62,0.93,13.90,2.21
1940.02,12.22,0.63,0.96,14.00,2.19
1940.03,12.15,0.63,0.99,14.00,2.17
1940.04,12.27,0.64,1.01,14.00,2.15
1940.05,10.58,0.64,1.02,14.00,2.12
1940.06,9.67,0.65,1.04,14.10,2.10
1940.07,9.99,0.66,1.05,14.00,2.08
1940.08,10.20,0.66,1.07,14.00,2.06
1940.09,10.63,0.67,1.08,14.00,2.04
1940.1,10.73,0.67,1.07,14.00,2.02
1940.11,10.98,0.67,1.06,14.00,1.99
1940.12,10.53,0.67,1.05,14.10,1.97
1941.01,10.55,0.67,1.05,14.10,1.95
1941.02,9.89,0.68,1.06,14.10,1.99
1941.03,9.95,0.68,1.06,14.20,2.04
1941.04,9.64,0.68,1.07,14.30,2.08
1941.05,9.43,0.69,1.08,14.40,2.12
1941.06,9.76,0.69,1.09,14.70,2.16
1941.07,10.26,0.69,1.12,14.70,2.21
1941.08,10.21,0.70,1.16,14.90,2.25
1941.09,10.24,0.70,1.19,15.10,2.29
1941.1,9.83,0.70,1.18,15.30,2.33
1941.11,9.37,0.71,1.17,15.40,2.38
1941.12,8.76,0.71,1.16,15.50,2.42
1942.01,8.93,0.70,1.12,15.70,2.46
1942.02,8.65,0.70,1.08,15.80,2.46
1942.03,8.18,0.69,1.04,16.00,2.46
1942.04,7.84,0.68,1.02,16.10,2.46
1942.05,7.93,0.67,1.00,16.30,2.46
1942.06,8.33,0.66,0.98,16.30,2.46
1942.07,8.64,0.65,0.97,16.40,2.47
1942.08,8.59,0.63,0.95,16.50,2.47
1942.09,8.68,0.62,0.94,16.50,2.47
1942.1,9.32,0.61,0.97,16.70,2.47
1942.11,9.47,0.60,1.00,16.80,2.47
1942.12,9.52,0.59,1.03,16.90,2.47
1943.01,10.09,0.59,1.04,16.90,2.47
1943.02,10.69,0.59,1.06,16.90,2.47
1943.03,11.07,0.59,1.07,17.20,2.47
1943.04,11.44,0.59,1.08,17.40,2.47
1943.05,11.89,0.59,1.09,17.50,2.47
1943.06,12.10,0.59,1.10,17.50,2.47
1943.07,12.35,0.59,1.09,17.40,2.48
1943.08,11.74,0.60,1.09,17.30,2.48
1943.09,11.99,0.60,1.08,17.40,2.48
1943.1,11.88,0.60,1.03,17.40,2.48
1943.11,11.33,0.61,0.99,17.40,2.48
1943.12,11.48,0.61,0.94,17.40,2.48
1944.01,11.85,0.61,0.94,17.40,2.48
1944.02,11.77,0.62,0.93,17.40,2.47
1944.03,12.10,0.62,0.93,17.40,2.46
1944.04,11.89,0.62,0.93,17.50,2.45
1944.05,12.10,0.63,0.92,17.50,2.44
1944.06,12.67,0.63,0.92,17.60,2.43
1944.07,13.00,0.63,0.91,17.70,2.43
1944.08,12.81,0.64,0.91,17.70,2.42
1944.09,12.60,0.64,0.90,17.70,2.41
1944.1,12.91,0.64,0.91,17.70,2.40
1944.11,12.82,0.64,0.92,17.70,2.39
1944.12,13.10,0.64,0.93,17.80,2.38
1945.01,13.49,0.64,0.94,17.80,2.37
1945.02,13.94,0.65,0.95,17.80,2.36
1945.03,13.93,0.65,0.96,17.80,2.34
1945.04,14.28,0.65,0.97,17.80,2.33
1945.05,14.82,0.65,0.99,17.90,2.31
1945.06,15.09,0.65,1.00,18.10,2.30
1945.07,14.78,0.65,1.00,18.10,2.28
1945.08,14.83,0.66,0.99,18.10,2.27
1945.09,15.84,0.66,0.99,18.10,2.25
1945.1,16.50,0.66,0.98,18.10,2.24
1945.11,17.04,0.66,0.97,18.10,2.22
1945.12,17.33,0.66,0.96,18.20,2.21
1946.01,18.02,0.67,0.94,18.20,2.19
1946.02,18.07,0.67,0.92,18.10,2.20
1946.03,17.53,0.68,0.90,18.30,2.20
1946.04,18.66,0.68,0.88,18.40,2.21
1946.05,18.70,0.68,0.86,18.50,2.21
1946.06,18.58,0.68,0.84,18.70,2.22
1946.07,18.05,0.68,0.86,19.80,2.22
1946.08,17.70,0.69,0.87,20.20,2.23
1946.09,15.09,0.69,0.89,20.40,2.23
1946.1,14.75,0.70,0.95,20.80,2.24
1946.11,14.69,0.70,1.00,21.30,2.24
1946.12,15.13,0.71,1.06,21.50,2.25
1947.01,15.21,0.71,1.13,21.50,2.25
1947.02,15.80,0.72,1.20,21.50,2.27
1947.03,15.16,0.72,1.27,21.90,2.28
1947.04,14.60,0.73,1.33,21.90,2.30
1947.05,14.34,0.75,1.38,21.90,2.31
1947.06,14.84,0.76,1.44,22.00,2.33
1947.07,15.77,0.77,1.48,22.20,2.35
1947.08,15.46,0.78,1.51,22.50,2.36
1947.09,15.06,0.79,1.55,23.00,2.38
1947.1,15.45,0.81,1.57,23.00,2.39
1947.11,15.27,0.82,1.59,23.10,2.41
1947.12,15.03,0.84,1.61,23.40,2.42
1948.01,14.83,0.84,1.64,23.70,2.44
1948.02,14.10,0.85,1.68,23.50,2.43
1948.03,14.30,0.85,1.71,23.40,2.42
1948.04,15.40,0.85,1.76,23.80,2.41
1948.05,16.15,0.85,1.81,23.90,2.40
1948.06,16.82,0.85,1.86,24.10,2.39
1948.07,16.42,0.86,1.93,24.40,2.38
1948.08,15.94,0.86,2.00,24.50,2.36
1948.09,15.76,0.87,2.07,24.50,2.35
1948.1,16.19,0.89,2.14,24.40,2.34
1948.11,15.29,0.91,2.22,24.20,2.33
1948.12,15.19,0.93,2.29,24.10,2.32
1949.01,15.36,0.95,2.32,24.00,2.31
1949.02,14.77,0.96,2.35,23.80,2.31
1949.03,14.91,0.98,2.38,23.80,2.31
1949.04,14.89,0.99,2.39,23.90,2.31
1949.05,14.78,1.01,2.39,23.80,2.31
1949.06,13.97,1.02,2.40,23.90,2.31
1949.07,14.76,1.03,2.40,23.70,2.32
1949.08,15.29,1.03,2.39,23.80,2.32
1949.09,15.49,1.04,2.39,23.90,2.32
1949.1,15.89,1.07,2.37,23.70,2.32
1949.11,16.11,1.11,2.34,23.80,2.32
1949.12,16.54,1.14,2.32,23.60,2.32
1950.01,16.88,1.15,2.34,23.50,2.32
1950.02,17.21,1.16,2.35,23.50,2.34
1950.03,17.35,1.17,2.37,23.60,2.36
1950.04,17.84,1.18,2.43,23.60,2.38
1950.05,18.44,1.19,2.48,23.70,2.40
1950.06,18.74,1.20,2.54,23.80,2.42
1950.07,17.38,1.24,2.60,24.10,2.45
1950.08,18.43,1.29,2.66,24.30,2.47
1950.09,19.08,1.33,2.72,24.40,2.49
1950.1,19.87,1.38,2.76,24.60,2.51
1950.11,19.83,1.42,2.80,24.70,2.53
1950.12,19.75,1.47,2.84,25.00,2.55
1951.01,21.21,1.49,2.84,25.40,2.57
1951.02,22.00,1.50,2.83,25.70,2.58
1951.03,21.63,1.52,2.83,25.80,2.59
1951.04,21.92,1.53,2.79,25.80,2.60
1951.05,21.93,1.55,2.76,25.90,2.61
1951.06,21.55,1.56,2.72,25.90,2.62
1951.07,21.93,1.55,2.65,25.90,2.63
1951.08,22.89,1.53,2.58,25.90,2.63
1951.09,23.48,1.52,2.51,26.10,2.64
1951.1,23.36,1.48,2.49,26.20,2.65
1951.11,22.71,1.45,2.46,26.40,2.66
1951.12,23.41,1.41,2.44,26.50,2.67
1952.01,24.19,1.41,2.43,26.50,2.68
1952.02,23.75,1.42,2.41,26.30,2.69
1952.03,23.81,1.42,2.40,26.30,2.71
1952.04,23.74,1.43,2.38,26.40,2.72
1952.05,23.73,1.44,2.36,26.40,2.73
1952.06,24.38,1.45,2.34,26.50,2.74
1952.07,25.08,1.45,2.35,26.70,2.76
1952.08,25.18,1.45,2.35,26.70,2.77
1952.09,24.78,1.45,2.36,26.70,2.78
1952.1,24.26,1.44,2.37,26.70,2.79
1952.11,25.03,1.42,2.39,26.70,2.81
1952.12,26.04,1.41,2.40,26.70,2.82
1953.01,26.18,1.41,2.41,26.60,2.83
1953.02,25.86,1.41,2.42,26.50,2.80
1953.03,25.99,1.41,2.43,26.60,2.77
1953.04,24.71,1.41,2.46,26.60,2.83
1953.05,24.84,1.42,2.48,26.70,3.05
1953.06,23.95,1.42,2.51,26.80,3.11
1953.07,24.29,1.42,2.52,26.80,2.93
1953.08,24.39,1.42,2.54,26.90,2.95
1953.09,23.27,1.42,2.55,26.90,2.87
1953.1,23.97,1.43,2.54,27.00,2.66
1953.11,24.50,1.44,2.52,26.90,2.68
1953.12,24.83,1.45,2.51,26.90,2.59
1954.01,25.46,1.46,2.52,26.90,2.48
1954.02,26.02,1.46,2.54,26.90,2.47
1954.03,26.57,1.47,2.55,26.90,2.37
1954.04,27.63,1.46,2.57,26.80,2.29
1954.05,28.73,1.46,2.60,26.90,2.37
1954.06,28.96,1.45,2.62,26.90,2.38
1954.07,30.13,1.46,2.62,26.90,2.30
1954.08,30.73,1.46,2.63,26.90,2.36
1954.09,31.45,1.47,2.63,26.80,2.38
1954.1,32.18,1.49,2.68,26.80,2.43
1954.11,33.44,1.52,2.72,26.80,2.48
1954.12,34.97,1.54,2.77,26.70,2.51
1955.01,35.60,1.55,2.83,26.70,2.61
1955.02,36.79,1.55,2.90,26.70,2.65
1955.03,36.50,1.56,2.96,26.70,2.68
1955.04,37.76,1.56,3.05,26.70,2.75
1955.05,37.60,1.57,3.13,26.70,2.76
1955.06,39.78,1.57,3.22,26.70,2.78
1955.07,42.69,1.59,3.29,26.80,2.90
1955.08,42.43,1.60,3.37,26.80,2.97
1955.09,44.34,1.62,3.44,26.90,2.97
1955.1,42.11,1.63,3.50,26.90,2.88
1955.11,44.95,1.63,3.56,26.90,2.89
1955.12,45.37,1.64,3.62,26.80,2.96
1956.01,44.15,1.67,3.64,26.80,2.90
1956.02,44.43,1.70,3.67,26.80,2.84
1956.03,47.49,1.73,3.69,26.80,2.96
1956.04,48.05,1.75,3.66,26.90,3.18
1956.05,46.54,1.78,3.63,27.00,3.07
1956.06,46.27,1.80,3.60,27.20,3.00
1956.07,48.78,1.81,3.55,27.40,3.11
1956.08,48.49,1.83,3.51,27.30,3.33
1956.09,46.84,1.84,3.46,27.40,3.38
1956.1,46.24,1.81,3.44,27.50,3.34
1956.11,45.76,1.77,3.43,27.50,3.49
1956.12,46.44,1.74,3.41,27.60,3.59
1957.01,45.43,1.74,3.41,27.60,3.46
1957.02,43.47,1.73,3.40,27.70,3.34
1957.03,44.03,1.73,3.40,27.80,3.41
1957.04,45.05,1.73,3.41,27.90,3.48
1957.05,46.78,1.73,3.41,28.00,3.60
1957.06,47.55,1.73,3.42,28.10,3.80
1957.07,48.51,1.74,3.44,28.30,3.93
1957.08,45.84,1.75,3.45,28.30,3.93
1957.09,43.98,1.76,3.47,28.30,3.92
1957.1,41.24,1.77,3.44,28.30,3.97
1957.11,40.35,1.78,3.40,28.40,3.72
1957.12,40.33,1.79,3.37,28.40,3.21
1958.01,41.12,1.78,3.29,28.60,3.09
1958.02,41.26,1.78,3.22,28.60,3.05
1958.03,42.11,1.77,3.14,28.80,2.98
1958.04,42.34,1.76,3.07,28.90,2.88
1958.05,43.70,1.74,3.00,28.90,2.92
1958.06,44.75,1.73,2.93,28.90,2.97
1958.07,45.98,1.73,2.91,29.00,3.20
1958.08,47.70,1.73,2.90,28.90,3.54
1958.09,48.96,1.73,2.88,28.90,3.76
1958.1,50.95,1.74,2.88,28.90,3.80
1958.11,52.50,1.74,2.89,29.00,3.74
1958.12,53.49,1.75,2.89,28.90,3.86
1959.01,55.62,1.76,2.96,29.00,4.02
1959.02,54.77,1.76,3.04,28.90,3.96
1959.03,56.16,1.77,3.11,28.90,3.99
1959.04,57.10,1.78,3.21,29.00,4.12
1959.05,57.96,1.78,3.30,29.00,4.31
1959.06,57.46,1.79,3.40,29.10,4.34
1959.07,59.74,1.80,3.41,29.20,4.40
1959.08,59.40,1.80,3.42,29.20,4.43
1959.09,57.05,1.81,3.43,29.30,4.68
1959.1,57.00,1.82,3.42,29.40,4.53
1959.11,57.23,1.82,3.40,29.40,4.53
1959.12,59.06,1.83,3.39,29.40,4.69
1960.01,58.03,1.87,3.39,29.30,4.72
1960.02,55.78,1.90,3.39,29.40,4.49
1960.03,55.02,1.94,3.39,29.40,4.25
1960.04,55.73,1.94,3.35,29.50,4.28
1960.05,55.22,1.95,3.30,29.50,4.35
1960.06,57.26,1.95,3.26,29.60,4.15
1960.07,55.84,1.95,3.26,29.60,3.90
1960.08,56.51,1.95,3.27,29.60,3.80
1960.09,54.81,1.95,3.27,29.60,3.80
1960.1,53.73,1.95,3.27,29.80,3.89
1960.11,55.47,1.95,3.27,29.80,3.93
1960.12,56.80,1.95,3.27,29.80,3.84
1961.01,59.72,1.95,3.21,29.80,3.84
1961.02,62.17,1.94,3.15,29.80,3.78
1961.03,64.12,1.94,3.09,29.80,3.74
1961.04,65.83,1.94,3.07,29.80,3.78
1961.05,66.50,1.94,3.05,29.80,3.71
1961.06,65.62,1.94,3.03,29.80,3.88
1961.07,65.44,1.95,3.04,30.00,3.92
1961.08,67.79,1.95,3.04,29.90,4.04
1961.09,67.26,1.96,3.05,30.00,3.98
1961.1,68.00,1.98,3.10,30.00,3.92
1961.11,71.08,2.00,3.14,30.00,3.94
1961.12,71.74,2.02,3.19,30.00,4.06
1962.01,69.07,2.03,3.25,30.00,4.08
1962.02,70.22,2.03,3.31,30.10,4.04
1962.03,70.29,2.04,3.37,30.10,3.93
1962.04,68.05,2.05,3.40,30.20,3.84
1962.05,62.99,2.05,3.44,30.20,3.87
1962.06,55.63,2.06,3.47,30.20,3.91
1962.07,56.97,2.07,3.49,30.30,4.01
1962.08,58.52,2.07,3.51,30.30,3.98
1962.09,58.00,2.08,3.53,30.40,3.98
1962.1,56.17,2.10,3.58,30.40,3.93
1962.11,60.04,2.11,3.62,30.40,3.92
1962.12,62.64,2.13,3.67,30.40,3.86
1963.01,65.06,2.14,3.68,30.40,3.83
1963.02,65.92,2.14,3.70,30.40,3.92
1963.03,65.67,2.15,3.71,30.50,3.93
1963.04,68.76,2.17,3.75,30.50,3.97
1963.05,70.14,2.18,3.80,30.50,3.93
1963.06,70.11,2.20,3.84,30.60,3.99
1963.07,69.07,2.20,3.88,30.70,4.02
1963.08,70.98,2.21,3.92,30.70,4.00
1963.09,72.85,2.21,3.96,30.70,4.08
1963.1,73.03,2.23,3.98,30.80,4.11
1963.11,72.62,2.26,4.00,30.80,4.12
1963.12,74.17,2.28,4.02,30.90,4.13
1964.01,76.45,2.30,4.07,30.90,4.17
1964.02,77.39,2.31,4.13,30.90,4.15
1964.03,78.80,2.33,4.18,30.90,4.22
1964.04,79.94,2.35,4.23,30.90,4.23
1964.05,80.72,2.36,4.28,30.90,4.20
1964.06,80.24,2.38,4.33,31.00,4.17
1964.07,83.22,2.40,4.38,31.10,4.19
1964.08,82.00,2.42,4.42,31.00,4.19
1964.09,83.41,2.44,4.47,31.10,4.20
1964.1,84.85,2.46,4.50,31.10,4.19
1964.11,85.44,2.48,4.52,31.20,4.15
1964.12,83.96,2.50,4.55,31.20,4.18
1965.01,86.12,2.52,4.59,31.20,4.19
1965.02,86.75,2.53,4.64,31.20,4.21
1965.03,86.83,2.55,4.68,31.30,4.21
1965.04,87.97,2.57,4.73,31.40,4.20
1965.05,89.28,2.59,4.79,31.40,4.21
1965.06,85.04,2.61,4.84,31.60,4.21
1965.07,84.91,2.63,4.89,31.60,4.20
1965.08,86.49,2.64,4.93,31.60,4.25
1965.09,89.38,2.66,4.98,31.60,4.29
1965.1,91.39,2.68,5.05,31.70,4.35
1965.11,92.15,2.70,5.12,31.70,4.45
1965.12,91.73,2.72,5.19,31.80,4.62
1966.01,93.32,2.74,5.24,31.80,4.61
1966.02,92.69,2.76,5.29,32.00,4.83
1966.03,88.88,2.78,5.34,32.10,4.87
1966.04,91.60,2.80,5.38,32.30,4.75
1966.05,86.78,2.81,5.42,32.30,4.78
1966.06,86.06,2.83,5.46,32.40,4.81
1966.07,85.84,2.85,5.48,32.50,5.02
1966.08,80.65,2.87,5.49,32.70,5.22
1966.09,77.81,2.89,5.51,32.70,5.18
1966.1,77.13,2.88,5.52,32.90,5.01
1966.11,80.99,2.88,5.54,32.90,5.16
1966.12,81.33,2.87,5.55,32.90,4.84
1967.01,84.45,2.88,5.52,32.90,4.58
1967.02,87.36,2.89,5.48,32.90,4.63
1967.03,89.42,2.90,5.45,33.00,4.54
1967.04,90.96,2.90,5.41,33.10,4.59
1967.05,92.59,2.90,5.37,33.20,4.85
1967.06,91.43,2.90,5.33,33.30,5.02
1967.07,93.01,2.91,5.32,33.40,5.16
1967.08,94.49,2.91,5.31,33.50,5.28
1967.09,95.81,2.92,5.30,33.60,5.30
1967.1,95.66,2.92,5.31,33.70,5.48
1967.11,92.66,2.92,5.32,33.80,5.75
1967.12,95.30,2.92,5.33,33.90,5.70
1968.01,95.04,2.93,5.37,34.10,5.53
1968.02,90.75,2.94,5.40,34.20,5.56
1968.03,89.09,2.95,5.44,34.30,5.74
1968.04,95.67,2.96,5.48,34.40,5.64
1968.05,97.87,2.98,5.53,34.50,5.87
1968.06,100.50,2.99,5.57,34.70,5.72
1968.07,100.30,3.00,5.60,34.90,5.50
1968.08,98.11,3.02,5.63,35.00,5.42
1968.09,101.30,3.03,5.66,35.10,5.46
1968.1,103.80,3.04,5.69,35.30,5.58
1968.11,105.40,3.06,5.73,35.40,5.70
1968.12,106.50,3.07,5.76,35.50,6.03
1969.01,102.00,3.08,5.78,35.60,6.04
1969.02,101.50,3.09,5.80,35.80,6.19
1969.03,99.30,3.10,5.82,36.10,6.30
1969.04,101.30,3.11,5.83,36.30,6.17
1969.05,104.60,3.12,5.83,36.40,6.32
1969.06,99.14,3.13,5.84,36.60,6.57
1969.07,94.71,3.14,5.86,36.80,6.72
1969.08,94.18,3.14,5.87,37.00,6.69
1969.09,94.51,3.15,5.89,37.10,7.16
1969.1,95.52,3.15,5.85,37.30,7.10
1969.11,96.21,3.16,5.82,37.50,7.14
1969.12,91.11,3.16,5.78,37.70,7.65
1970.01,90.31,3.16,5.73,37.80,7.79
1970.02,87.16,3.17,5.68,38.00,7.24
1970.03,88.65,3.17,5.63,38.20,7.07
1970.04,85.95,3.17,5.59,38.50,7.39
1970.05,76.06,3.18,5.56,38.60,7.91
1970.06,75.59,3.18,5.52,38.80,7.84
1970.07,75.72,3.18,5.47,39.00,7.46
1970.08,77.92,3.19,5.41,39.00,7.53
1970.09,82.58,3.19,5.36,39.20,7.39
1970.1,84.37,3.17,5.28,39.40,7.33
1970.11,84.28,3.16,5.21,39.60,6.84
1970.12,90.05,3.14,5.13,39.80,6.39
1971.01,93.49,3.13,5.16,39.80,6.24
1971.02,97.11,3.12,5.19,39.90,6.11
1971.03,99.60,3.11,5.22,40.00,5.70
1971.04,103.00,3.11,5.25,40.10,5.83
1971.05,101.60,3.10,5.29,40.30,6.39
1971.06,99.72,3.10,5.32,40.60,6.52
1971.07,99.00,3.10,5.36,40.70,6.73
1971.08,97.24,3.09,5.39,40.80,6.58
1971.09,99.40,3.09,5.43,40.80,6.14
1971.1,97.29,3.08,5.52,40.90,5.93
1971.11,92.78,3.08,5.61,40.90,5.81
1971.12,99.17,3.07,5.70,41.10,5.93
1972.01,103.30,3.07,5.74,41.10,5.95
1972.02,105.20,3.07,5.77,41.30,6.08
1972.03,107.70,3.07,5.81,41.40,6.07
1972.04,108.80,3.07,5.86,41.50,6.19
1972.05,107.70,3.07,5.92,41.60,6.13
1972.06,108.00,3.07,5.97,41.70,6.11
1972.07,107.20,3.07,6.03,41.90,6.11
1972.08,111.00,3.08,6.08,42.00,6.21
1972.09,109.40,3.08,6.14,42.10,6.55
1972.1,109.60,3.10,6.23,42.30,6.48
1972.11,115.10,3.13,6.33,42.40,6.28
1972.12,117.50,3.15,6.42,42.50,6.36
1973.01,118.40,3.16,6.55,42.60,6.46
1973.02,114.20,3.16,6.67,42.90,6.64
1973.03,112.40,3.17,6.80,43.30,6.71
1973.04,110.30,3.19,6.94,43.60,6.67
1973.05,107.20,3.20,7.09,43.90,6.85
1973.06,104.80,3.22,7.23,44.20,6.90
1973.07,105.80,3.24,7.38,44.30,7.13
1973.08,103.80,3.25,7.54,45.10,7.40
1973.09,105.60,3.27,7.69,45.20,7.09
1973.1,109.80,3.31,7.85,45.60,6.79
1973.11,102.00,3.34,8.00,45.90,6.73
1973.12,94.78,3.38,8.16,46.20,6.74
1974.01,96.11,3.40,8.23,46.60,6.99
1974.02,93.45,3.42,8.29,47.20,6.96
1974.03,97.44,3.44,8.36,47.80,7.21
1974.04,92.46,3.46,8.49,48.00,7.51
1974.05,89.67,3.48,8.61,48.60,7.58
1974.06,89.79,3.50,8.74,49.00,7.54
1974.07,79.31,3.53,8.86,49.40,7.81
1974.08,76.03,3.56,8.99,50.00,8.04
1974.09,68.12,3.59,9.11,50.60,8.04
1974.1,69.44,3.59,9.04,51.10,7.90
1974.11,71.74,3.60,8.96,51.50,7.68
1974.12,67.07,3.60,8.89,51.90,7.43
1975.01,72.56,3.62,8.74,52.10,7.50
1975.02,80.10,3.65,8.60,52.50,7.39
1975.03,83.78,3.67,8.45,52.70,7.73
1975.04,84.72,3.68,8.29,52.90,8.23
1975.05,90.10,3.70,8.12,53.20,8.06
1975.06,92.40,3.71,7.96,53.60,7.86
1975.07,92.49,3.71,7.89,54.20,8.06
1975.08,85.71,3.71,7.83,54.30,8.40
1975.09,84.67,3.71,7.76,54.60,8.43
1975.1,88.57,3.70,7.83,54.90,8.14
1975.11,90.07,3.69,7.89,55.30,8.05
1975.12,88.70,3.68,7.96,55.50,8.00
1976.01,96.86,3.68,8.19,55.60,7.74
1976.02,100.60,3.69,8.43,55.80,7.79
1976.03,101.10,3.69,8.66,55.90,7.73
1976.04,101.90,3.71,8.86,56.10,7.56
1976.05,101.20,3.74,9.05,56.50,7.90
1976.06,101.80,3.76,9.25,56.80,7.86
1976.07,104.20,3.79,9.35,57.10,7.83
1976.08,103.30,3.82,9.45,57.40,7.77
1976.09,105.50,3.85,9.55,57.60,7.59
1976.1,101.90,3.92,9.67,57.90,7.41
1976.11,101.20,3.98,9.79,58.00,7.29
1976.12,104.70,4.05,9.91,58.20,6.87
1977.01,103.80,4.10,9.97,58.50,7.21
1977.02,101.00,4.14,10.02,59.10,7.39
1977.03,100.60,4.19,10.08,59.50,7.46
1977.04,99.05,4.25,10.19,60.00,7.37
1977.05,98.76,4.30,10.31,60.30,7.46
1977.06,99.29,4.36,10.42,60.70,7.28
1977.07,100.20,4.41,10.52,61.00,7.33
1977.08,97.75,4.45,10.61,61.20,7.40
1977.09,96.23,4.50,10.71,61.40,7.34
1977.1,93.74,4.56,10.77,61.60,7.52
1977.11,94.28,4.61,10.83,61.90,7.58
1977.12,93.82,4.67,10.89,62.10,7.69
1978.01,90.25,4.71,10.90,62.50,7.96
1978.02,88.98,4.76,10.91,62.90,8.03
1978.03,88.82,4.80,10.92,63.40,8.04
1978.04,92.71,4.84,11.02,63.90,8.15
1978.05,97.41,4.87,11.13,64.50,8.35
1978.06,97.66,4.91,11.23,65.20,8.46
1978.07,97.19,4.95,11.34,65.70,8.64
1978.08,103.90,4.98,11.46,66.00,8.41
1978.09,103.90,5.02,11.57,66.50,8.42
1978.1,100.60,5.04,11.82,67.10,8.64
1978.11,94.71,5.05,12.08,67.40,8.81
1978.12,96.11,5.07,12.33,67.70,9.01
1979.01,99.71,5.11,12.65,68.30,9.10
1979.02,98.23,5.16,12.98,69.10,9.10
1979.03,100.10,5.20,13.30,69.80,9.12
1979.04,102.10,5.25,13.53,70.60,9.18
1979.05,99.73,5.29,13.75,71.50,9.25
1979.06,101.70,5.34,13.98,72.30,8.91
1979.07,102.70,5.40,14.20,73.10,8.95
1979.08,107.40,5.45,14.41,73.80,9.03
1979.09,108.60,5.51,14.63,74.60,9.33
1979.1,104.50,5.56,14.71,75.20,10.30
1979.11,103.70,5.60,14.78,75.90,10.65
1979.12,107.80,5.65,14.86,76.70,10.39
1980.01,110.90,5.70,15.00,77.80,10.80
1980.02,115.30,5.75,15.15,78.90,12.41
1980.03,104.70,5.80,15.29,80.10,12.75
1980.04,103.00,5.85,15.17,81.00,11.47
1980.05,107.70,5.89,15.06,81.80,10.18
1980.06,114.60,5.94,14.94,82.70,9.78
1980.07,119.80,5.98,14.84,82.70,10.25
1980.08,123.50,6.03,14.74,83.30,11.10
1980.09,126.50,6.07,14.64,84.00,11.51
1980.1,130.20,6.10,14.70,84.80,11.75
1980.11,135.70,6.13,14.76,85.50,12.68
1980.12,133.50,6.16,14.82,86.30,12.84
1981.01,133.00,6.20,14.74,87.00,12.57
1981.02,128.40,6.24,14.66,87.90,13.19
1981.03,133.20,6.28,14.58,88.50,13.12
1981.04,134.40,6.32,14.72,89.10,13.68
1981.05,131.70,6.35,14.87,89.80,14.10
1981.06,132.30,6.39,15.01,90.60,13.47
1981.07,129.10,6.43,15.10,91.60,14.28
1981.08,129.60,6.48,15.18,92.30,14.94
1981.09,118.30,6.52,15.27,93.20,15.32
1981.1,119.80,6.56,15.30,93.40,15.15
1981.11,122.90,6.59,15.33,93.70,13.39
1981.12,123.80,6.63,15.36,94.00,13.72
1982.01,117.30,6.66,15.18,94.30,14.59
1982.02,114.50,6.69,14.99,94.60,14.43
1982.03,110.80,6.72,14.81,94.50,13.86
1982.04,116.30,6.75,14.60,94.90,13.87
1982.05,116.40,6.78,14.38,95.80,13.62
1982.06,109.70,6.81,14.17,97.00,14.30
1982.07,109.40,6.82,13.97,97.50,13.95
1982.08,109.70,6.84,13.76,97.70,13.06
1982.09,122.40,6.85,13.56,97.90,12.34
1982.1,132.70,6.86,13.25,98.20,10.91
1982.11,138.10,6.86,12.95,98.00,10.55
1982.12,139.40,6.87,12.64,97.60,10.54
1983.01,144.30,6.88,12.57,97.80,10.46
1983.02,146.80,6.90,12.49,97.90,10.72
1983.03,151.90,6.91,12.42,97.90,10.51
1983.04,157.70,6.92,12.48,98.60,10.40
1983.05,164.10,6.93,12.53,99.20,10.38
1983.06,166.40,6.94,12.59,99.50,10.85
1983.07,167.00,6.96,12.83,99.90,11.38
1983.08,162.40,6.98,13.06,100.20,11.85
1983.09,167.20,7.00,13.30,100.70,11.65
1983.1,167.70,7.03,13.54,101.00,11.54
1983.11,165.20,7.06,13.79,101.20,11.69
1983.12,164.40,7.09,14.03,101.30,11.83
1984.01,166.40,7.12,14.44,101.90,11.67
1984.02,157.30,7.15,14.85,102.40,11.84
1984.03,157.40,7.18,15.26,102.60,12.32
1984.04,157.60,7.22,15.57,103.10,12.63
1984.05,156.60,7.27,15.89,103.40,13.41
1984.06,153.10,7.31,16.20,103.70,13.56
1984.07,151.10,7.33,16.32,104.10,13.36
1984.08,164.40,7.36,16.44,104.50,12.72
1984.09,166.10,7.38,16.56,105.00,12.52
1984.1,164.80,7.43,16.59,105.30,12.16
1984.11,166.30,7.48,16.61,105.30,11.57
1984.12,164.50,7.53,16.64,105.30,11.50
1985.01,171.60,7.57,16.56,105.50,11.38
1985.02,180.90,7.62,16.47,106.00,11.51
1985.03,179.40,7.66,16.39,106.40,11.86
1985.04,180.60,7.69,16.13,106.90,11.43
1985.05,184.90,7.71,15.87,107.30,10.85
1985.06,188.90,7.74,15.61,107.60,10.16
1985.07,192.50,7.77,15.48,107.80,10.31
1985.08,188.30,7.81,15.36,108.00,10.33
1985.09,184.10,7.84,15.23,108.30,10.37
1985.1,186.20,7.86,15.02,108.70,10.24
1985.11,197.50,7.88,14.82,109.00,9.78
1985.12,207.30,7.90,14.61,109.30,9.26
1986.01,208.20,7.94,14.58,109.60,9.19
1986.02,219.40,7.98,14.55,109.30,8.70
1986.03,232.30,8.02,14.52,108.80,7.78
1986.04,238.00,8.05,14.58,108.60,7.30
1986.05,238.50,8.07,14.65,108.90,7.71
1986.06,245.30,8.10,14.71,109.50,7.80
1986.07,240.20,8.14,14.76,109.50,7.30
1986.08,245.00,8.19,14.80,109.70,7.17
1986.09,238.30,8.23,14.85,110.20,7.45
1986.1,237.40,8.25,14.73,110.30,7.43
1986.11,245.10,8.26,14.60,110.40,7.25
1986.12,248.60,8.28,14.48,110.50,7.11
1987.01,264.50,8.30,14.69,111.20,7.08
1987.02,280.90,8.32,14.89,111.60,7.25
1987.03,292.50,8.34,15.10,112.10,7.25
1987.04,289.30,8.40,14.87,112.70,8.02
1987.05,289.10,8.46,14.65,113.10,8.61
1987.06,301.40,8.52,14.42,113.50,8.40
1987.07,310.10,8.57,14.90,113.80,8.45
1987.08,329.40,8.61,15.38,114.40,8.76
1987.09,318.70,8.66,15.86,115.00,9.42
1987.1,280.20,8.71,16.41,115.30,9.52
1987.11,245.00,8.76,16.95,115.40,8.86
1987.12,241.00,8.81,17.50,115.40,8.99
1988.01,250.50,8.86,17.86,115.70,8.67
1988.02,258.10,8.90,18.23,116.00,8.21
1988.03,265.70,8.95,18.59,116.50,8.37
1988.04,262.60,9.04,19.62,117.10,8.72
1988.05,256.10,9.14,20.64,117.50,9.09
1988.06,270.70,9.23,21.67,118.00,8.92
1988.07,269.10,9.31,22.02,118.50,9.06
1988.08,263.70,9.38,22.38,119.00,9.26
1988.09,268.00,9.46,22.73,119.80,8.98
1988.1,277.40,9.55,23.07,120.20,8.80
1988.11,271.00,9.64,23.42,120.30,8.96
1988.12,276.50,9.75,23.75,120.50,9.11
1989.01,285.40,9.81,24.16,121.10,9.09
1989.02,294.00,9.90,24.56,121.60,9.17
1989.03,292.70,10.01,24.96,122.30,9.36
1989.04,302.30,10.09,25.05,123.10,9.18
1989.05,313.90,10.19,25.13,123.80,8.86
1989.06,323.70,10.37,25.22,124.10,8.28
1989.07,331.90,10.42,24.71,124.40,8.02
1989.08,346.60,10.55,24.20,124.60,8.11
1989.09,347.30,10.73,23.69,125.00,8.19
1989.1,347.40,10.80,23.43,125.60,8.01
1989.11,340.20,10.92,23.16,125.90,7.87
1989.12,348.60,11.06,22.87,126.10,7.84
1990.01,339.97,11.14,22.49,127.40,8.21
1990.02,330.45,11.23,22.08,128.00,8.47
1990.03,338.46,11.32,21.67,128.70,8.59
1990.04,338.18,11.44,21.53,128.90,8.79
1990.05,350.25,11.55,21.40,129.20,8.76
1990.06,360.39,11.66,21.26,129.90,8.48
1990.07,360.03,11.73,21.42,130.40,8.47
1990.08,330.75,11.78,21.58,131.60,8.75
1990.09,315.41,11.83,21.74,132.70,8.89
1990.1,307.12,11.93,21.61,133.50,8.72
1990.11,315.29,12.01,21.47,133.80,8.39
1990.12,328.75,12.09,21.34,133.80,8.08
1991.01,325.49,12.11,21.18,134.60,8.09
1991.02,362.26,12.11,21.03,134.80,7.85
1991.03,372.28,12.11,20.94,135.00,8.11
1991.04,379.68,12.13,20.36,135.20,8.04
1991.05,377.99,12.14,19.86,135.60,8.07
1991.06,378.29,12.15,19.41,136.00,8.28
1991.07,380.23,12.19,18.84,136.20,8.27
1991.08,389.40,12.24,18.33,136.60,7.90
1991.09,387.20,12.28,17.82,137.20,7.65
1991.1,386.88,12.25,17.20,137.40,7.53
1991.11,385.92,12.23,16.59,137.80,7.42
1991.12,388.51,12.20,15.97,137.90,7.09
1992.01,416.08,12.24,16.05,138.10,7.03
1992.02,412.56,12.28,16.12,138.60,7.34
1992.03,407.36,12.32,16.19,139.30,7.54
1992.04,407.41,12.32,16.48,139.50,7.48
1992.05,414.81,12.32,16.77,139.70,7.39
1992.06,408.27,12.32,17.05,140.20,7.26
1992.07,415.05,12.34,17.38,140.50,6.84
1992.08,417.93,12.37,17.71,140.90,6.59
1992.09,418.48,12.40,18.04,141.30,6.42
1992.1,412.50,12.39,18.39,141.80,6.59
1992.11,422.84,12.38,18.74,142.00,6.87
1992.12,435.64,12.39,19.09,141.90,6.77
1993.01,435.23,12.41,19.34,142.60,6.60
1993.02,441.70,12.45,19.59,143.10,6.26
1993.03,450.16,12.48,19.84,143.60,5.98
1993.04,443.08,12.49,19.67,144.00,5.97
1993.05,445.25,12.51,19.50,144.20,6.04
1993.06,448.06,12.52,19.33,144.40,5.96
1993.07,447.29,12.52,19.69,144.40,5.81
1993.08,454.13,12.52,20.05,144.80,5.68
1993.09,459.24,12.52,20.41,145.10,5.36
1993.1,463.90,12.54,20.90,145.70,5.33
1993.11,462.89,12.56,21.39,145.80,5.72
1993.12,465.95,12.58,21.89,145.80,5.77
1994.01,472.99,12.62,22.16,146.20,5.75
1994.02,471.58,12.67,22.43,146.70,5.97
1994.03,463.81,12.71,22.71,147.20,6.48
1994.04,447.23,12.75,23.54,147.40,6.97
1994.05,450.90,12.80,24.37,147.50,7.18
1994.06,454.83,12.84,25.20,148.00,7.10
1994.07,451.40,12.87,25.91,148.40,7.30
1994.08,464.24,12.90,26.62,149.00,7.24
1994.09,466.96,12.92,27.33,149.40,7.46
1994.1,463.81,13.01,28.42,149.50,7.74
1994.11,461.01,13.10,29.51,149.70,7.96
1994.12,455.19,13.17,30.60,149.70,7.81
1995.01,465.25,13.18,31.25,150.30,7.78
1995.02,481.92,13.18,31.90,150.90,7.47
1995.03,493.15,13.17,32.55,151.40,7.20
1995.04,507.91,13.24,33.18,151.90,7.06
1995.05,523.81,13.31,33.80,152.20,6.63
1995.06,539.35,13.36,34.43,152.50,6.17
1995.07,557.37,13.44,34.68,152.50,6.28
1995.08,559.11,13.51,34.93,152.90,6.49
1995.09,578.77,13.58,35.18,153.20,6.20
1995.1,582.92,13.65,34.77,153.70,6.04
1995.11,595.53,13.72,34.37,153.60,5.93
1995.12,614.57,13.79,33.96,153.50,5.71
1996.01,614.42,13.89,33.99,154.40,5.65
1996.02,649.54,14.00,34.01,154.90,5.81
1996.03,647.07,14.10,34.04,155.70,6.27
1996.04,647.17,14.16,34.33,156.30,6.51
1996.05,661.23,14.21,34.62,156.60,6.74
1996.06,668.50,14.27,34.91,156.70,6.91
1996.07,644.07,14.40,35.27,157.00,6.87
1996.08,662.68,14.53,35.64,157.30,6.64
1996.09,674.88,14.66,36.00,157.80,6.83
1996.1,701.46,14.74,36.91,158.30,6.53
1996.11,735.67,14.82,37.82,158.60,6.20
1996.12,743.25,14.90,38.73,158.60,6.30
1997.01,766.22,14.95,39.23,159.10,6.58
1997.02,798.39,15.01,39.74,159.60,6.42
1997.03,792.16,15.06,40.24,160.00,6.69
1997.04,763.93,15.09,40.34,160.20,6.89
1997.05,833.09,15.13,40.45,160.10,6.71
1997.06,876.29,15.16,40.55,160.30,6.49
1997.07,925.29,15.22,40.58,160.50,6.22
1997.08,927.24,15.27,40.61,160.80,6.30
1997.09,937.02,15.33,40.64,161.20,6.21
1997.1,951.16,15.39,40.33,161.60,6.03
1997.11,938.92,15.44,40.03,161.50,5.88
1997.12,962.37,15.50,39.72,161.30,5.81
1998.01,963.36,15.55,39.66,161.60,5.54
1998.02,1023.74,15.60,39.60,161.90,5.57
1998.03,1076.83,15.64,39.54,162.20,5.65
1998.04,1112.20,15.75,39.35,162.50,5.64
1998.05,1108.42,15.85,39.16,162.80,5.65
1998.06,1108.39,15.95,38.97,163.00,5.50
1998.07,1156.58,16.02,38.68,163.20,5.46
1998.08,1074.62,16.08,38.38,163.40,5.34
1998.09,1020.64,16.14,38.09,163.60,4.81
1998.1,1032.47,16.17,37.96,164.00,4.53
1998.11,1144.43,16.18,37.84,164.00,4.83
1998.12,1190.05,16.20,37.71,163.90,4.65
1999.01,1248.77,16.28,37.93,164.30,4.72
1999.02,1246.58,16.37,38.16,164.50,5.00
1999.03,1281.66,16.45,38.38,165.00,5.23
1999.04,1334.76,16.45,39.26,166.20,5.18
1999.05,1332.07,16.45,40.14,166.20,5.54
1999.06,1322.55,16.45,41.02,166.20,5.90
1999.07,1380.99,16.51,42.00,166.70,5.79
1999.08,1327.49,16.58,42.98,167.10,5.94
1999.09,1318.17,16.64,43.96,167.90,5.92
1999.1,1300.01,16.66,45.36,168.20,6.11
1999.11,1391.00,16.67,46.77,168.30,6.03
1999.12,1428.68,16.69,48.17,168.30,6.28
2000.01,1425.59,16.71,49.10,168.80,6.66
2000.02,1388.87,16.74,50.02,169.80,6.52
2000.03,1442.21,16.76,50.95,171.20,6.26
2000.04,1461.36,16.74,51.27,171.30,5.99
2000.05,1418.48,16.72,51.60,171.50,6.44
2000.06,1461.96,16.70,51.92,172.40,6.10
2000.07,1473.00,16.58,52.51,172.80,6.05
2000.08,1485.46,16.47,53.11,172.80,5.83
2000.09,1468.05,16.35,53.70,173.70,5.80
2000.1,1390.14,16.32,52.47,174.00,5.74
2000.11,1378.04,16.30,51.23,174.10,5.72
2000.12,1330.93,16.27,50.00,174.00,5.24
2001.01,1335.63,16.17,48.48,175.10,5.16
2001.02,1305.75,16.07,46.96,175.80,5.10
2001.03,1185.85,15.97,45.44,176.20,4.89
2001.04,1189.84,15.88,42.56,176.90,5.14
2001.05,1270.37,15.78,39.67,177.70,5.39
2001.06,1238.71,15.69,36.79,178.00,5.28
2001.07,1204.45,15.71,33.96,177.50,5.24
2001.08,1178.50,15.72,31.14,177.50,4.97
2001.09,1044.64,15.74,28.31,178.30,4.73
2001.1,1076.59,15.74,27.10,177.70,4.57
2001.11,1129.68,15.74,25.90,177.40,4.65
2001.12,1144.93,15.74,24.69,176.70,5.09
2002.01,1140.21,15.74,24.69,177.10,5.04
2002.02,1100.67,15.73,24.70,177.80,4.91
2002.03,1153.79,15.73,24.70,178.80,5.28
2002.04,1111.93,15.83,25.38,179.80,5.21
2002.05,1079.25,15.94,26.06,179.80,5.16
2002.06,1014.02,16.04,26.74,179.90,4.93
2002.07,903.59,15.96,27.84,180.10,4.65
2002.08,912.55,15.88,28.94,180.70,4.26
2002.09,867.81,15.80,30.04,181.00,3.87
2002.1,854.63,15.89,29.22,181.30,3.94
2002.11,909.93,15.98,28.41,181.30,4.05
2002.12,899.18,16.07,27.59,180.90,4.03
2003.01,895.84,16.12,28.50,181.70,4.05
2003.02,837.03,16.17,29.41,183.10,3.90
2003.03,846.63,16.22,30.32,184.20,3.81
2003.04,890.03,16.20,31.73,183.80,3.96
2003.05,935.96,16.19,33.14,183.50,3.57
2003.06,988.00,16.17,34.55,183.70,3.33
2003.07,992.54,16.31,35.89,183.90,3.98
2003.08,989.53,16.45,37.24,184.60,4.45
2003.09,1019.44,16.59,38.58,185.20,4.27
2003.1,1038.73,16.86,41.97,185.00,4.29
2003.11,1049.90,17.12,45.35,184.50,4.30
2003.12,1080.64,17.39,48.74,184.30,4.27
2004.01,1132.52,17.60,49.83,185.20,4.15
2004.02,1143.36,17.81,50.91,186.20,4.08
2004.03,1123.98,18.02,52.00,187.40,3.83
2004.04,1133.36,18.21,53.38,188.00,4.35
2004.05,1102.78,18.41,54.77,189.10,4.72
2004.06,1132.76,18.60,56.15,189.70,4.73
2004.07,1105.85,18.79,56.69,189.40,4.50
2004.08,1088.94,18.97,57.23,189.50,4.28
2004.09,1117.66,19.16,57.77,189.90,4.13
2004.1,1117.21,19.25,58.03,190.90,4.10
2004.11,1168.94,19.35,58.29,191.00,4.19
2004.12,1199.21,19.44,58.55,190.30,4.23
2005.01,1181.41,19.70,59.11,190.70,4.22
2005.02,1199.63,19.97,59.66,191.80,4.17
2005.03,1194.90,20.23,60.22,193.30,4.50
2005.04,1164.43,20.46,61.23,194.60,4.34
2005.05,1178.28,20.70,62.25,194.40,4.14
2005.06,1202.25,20.93,63.26,194.50,4.00
2005.07,1222.24,21.11,64.33,195.40,4.18
2005.08,1224.27,21.29,65.40,196.40,4.26
2005.09,1225.92,21.47,66.47,198.80,4.20
2005.1,1191.96,21.72,67.59,199.20,4.46
2005.11,1237.37,21.97,68.71,197.60,4.54
2005.12,1262.07,22.22,69.83,196.80,4.47
2006.01,1278.73,22.41,70.78,198.30,4.42
2006.02,1276.65,22.59,71.72,198.70,4.57
2006.03,1293.74,22.78,72.67,199.80,4.72
2006.04,1302.17,23.00,73.28,201.50,4.99
2006.05,1290.01,23.22,73.88,202.50,5.11
2006.06,1253.17,23.44,74.49,202.90,5.11
2006.07,1260.24,23.66,75.85,203.50,5.09
2006.08,1287.15,23.88,77.21,203.90,4.88
2006.09,1317.74,24.10,78.57,202.90,4.72
2006.1,1363.38,24.36,79.55,201.80,4.73
2006.11,1388.64,24.62,80.53,201.50,4.60
2006.12,1416.42,24.88,81.51,201.80,4.56
2007.01,1424.16,25.08,82.06,202.42,4.76
2007.02,1444.80,25.29,82.60,203.50,4.72
2007.03,1406.95,25.49,83.15,205.35,4.56
2007.04,1463.64,25.72,83.74,206.69,4.69
2007.05,1511.14,25.94,84.33,207.95,4.75
2007.06,1514.19,26.17,84.92,208.35,5.10
2007.07,1520.71,26.44,82.81,208.30,5.00
2007.08,1454.62,26.71,80.71,207.92,4.67
2007.09,1497.12,26.98,78.60,208.49,4.52
2007.1,1539.66,27.23,74.46,208.94,4.53
2007.11,1463.39,27.48,70.32,210.18,4.15
2007.12,1479.22,27.73,66.18,210.04,4.10
2008.01,1378.76,27.92,64.25,211.08,3.74
2008.02,1354.87,28.11,62.32,211.69,3.74
2008.03,1316.94,28.30,60.39,213.53,3.51
2008.04,1370.47,28.44,57.38,214.82,3.68
2008.05,1403.22,28.57,54.38,216.63,3.88
2008.06,1341.25,28.71,51.37,218.82,4.10
2008.07,1257.33,28.76,49.56,219.96,4.01
2008.08,1281.47,28.80,47.76,219.09,3.89
2008.09,1216.95,28.85,45.95,218.78,3.69
2008.1,968.80,28.70,35.59,216.57,3.81
2008.11,883.04,28.54,25.24,212.43,3.53
2008.12,877.56,28.39,14.88,210.23,2.42
2009.01,865.58,28.01,12.21,211.14,2.52
2009.02,805.23,27.64,9.53,212.19,2.87
2009.03,757.13,27.26,6.86,212.71,2.82
2009.04,848.15,26.70,7.08,213.24,2.93
2009.05,902.41,26.15,7.29,213.86,3.29
2009.06,926.12,25.59,7.51,215.69,3.72
2009.07,935.82,25.03,9.19,215.35,3.56
2009.08,1009.73,24.46,10.86,215.83,3.59
2009.09,1044.55,23.90,12.54,215.97,3.40
2009.1,1067.66,23.40,25.35,216.18,3.39
2009.11,1088.07,22.91,38.16,216.33,3.40
2009.12,1110.38,22.41,50.97,215.95,3.59
2010.01,1123.58,22.24,54.29,216.69,3.73
2010.02,1089.16,22.07,57.61,216.74,3.69
2010.03,1152.05,21.90,60.93,217.63,3.73
2010.04,1197.32,21.95,62.99,218.01,3.85
2010.05,1125.06,21.99,65.04,218.18,3.42
2010.06,1083.36,22.04,67.10,217.97,3.20
2010.07,1079.80,22.14,68.69,218.01,3.01
2010.08,1087.28,22.25,70.27,218.31,2.70
2010.09,1122.08,22.35,71.86,218.44,2.65
2010.1,1171.58,22.48,73.69,218.71,2.54
2010.11,1198.89,22.60,75.52,218.80,2.76
2010.12,1241.53,22.73,77.35,219.18,3.29
2011.01,1282.62,22.96,78.67,220.22,3.39
2011.02,1321.12,23.20,79.99,221.31,3.58
2011.03,1304.49,23.43,81.31,223.47,3.41
2011.04,1331.51,23.73,82.16,224.91,3.46
2011.05,1338.31,24.04,83.02,225.96,3.17
2011.06,1287.29,24.34,83.87,225.72,3.00
2011.07,1325.19,24.62,84.91,225.92,3.00
2011.08,1185.31,24.90,85.94,226.55,2.30
2011.09,1173.88,25.18,86.98,226.89,1.98
2011.1,1207.22,25.60,86.97,226.42,2.15
2011.11,1226.42,26.01,86.96,226.23,2.01
2011.12,1243.32,26.43,86.95,225.67,1.98
2012.01,1300.58,26.74,87.48,226.67,1.97
2012.02,1352.49,27.04,88.01,227.66,1.97
2012.03,1389.24,27.35,88.54,229.39,2.17
2012.04,1386.43,27.67,88.33,230.09,2.05
2012.05,1341.27,28.00,88.13,229.82,1.80
2012.06,1323.48,28.32,87.92,229.48,1.62
2012.07,1359.78,28.74,87.45,229.10,1.53
2012.08,1403.45,29.17,86.97,230.38,1.68
2012.09,1443.42,29.59,86.50,231.41,1.72
2012.1,1437.82,30.14,86.50,231.32,1.75
2012.11,1394.51,30.70,86.51,230.22,1.65
2012.12,1422.29,31.25,86.51,229.60,1.72
2013.01,1480.40,31.54,86.91,230.28,1.91
2013.02,1512.31,31.82,87.30,232.17,1.98
2013.03,1550.83,32.11,87.70,232.77,1.96
2013.04,1570.70,32.50,88.78,232.53,1.76
2013.05,1639.84,32.88,89.87,232.95,1.93
2013.06,1618.77,33.27,90.95,233.50,2.30
2013.07,1668.68,33.65,92.09,233.60,2.58
2013.08,1670.09,34.02,93.23,233.88,2.74
2013.09,1687.17,34.40,94.37,234.15,2.81
2013.1,1720.03,34.60,96.31,233.55,2.62
2013.11,1783.54,34.79,98.26,233.07,2.72
2013.12,1807.78,34.99,100.20,233.05,2.90
2014.01,1822.36,35.40,100.42,233.92,2.86
2014.02,1817.04,35.82,100.63,234.78,2.71
2014.03,1863.52,36.23,100.85,236.29,2.72
2014.04,1864.26,36.61,101.61,237.07,2.71
2014.05,1889.77,37.00,102.36,237.90,2.56
2014.06,1947.09,37.38,103.12,238.34,2.60
2014.07,1973.10,37.75,104.07,238.25,2.54
2014.08,1961.53,38.12,105.01,237.85,2.42
2014.09,1993.23,38.49,105.96,238.03,2.53
2014.1,1937.27,38.81,104.74,237.43,2.30
2014.11,2044.57,39.12,103.53,236.15,2.33
2014.12,2054.27,39.44,102.31,234.81,2.21
2015.01,2028.18,39.90,101.29,233.71,1.88
2015.02,2082.20,40.35,100.27,234.72,1.98
2015.03,2079.99,40.81,99.25,236.12,2.04
2015.04,2094.86,41.12,97.80,236.60,1.94
2015.05,2111.94,41.43,96.36,237.81,2.20
2015.06,2099.29,41.74,94.91,238.64,2.36
2015.07,2094.14,42.00,93.49,238.65,2.32
2015.08,2039.87,42.25,92.08,238.32,2.17
2015.09,1944.41,42.51,90.66,237.95,2.17
2015.1,2024.81,42.80,89.28,237.84,2.07
2015.11,2080.62,43.10,87.91,237.34,2.26
2015.12,2054.08,43.39,86.53,236.53,2.24
2016.01,1918.60,43.55,86.50,236.92,2.09
2016.02,1904.42,43.72,86.47,237.11,1.78
2016.03,2021.95,43.88,86.44,238.13,1.89
2016.04,2075.54,44.07,86.60,239.26,1.81
2016.05,2065.55,44.27,86.76,240.23,1.81
2016.06,2083.89,44.46,86.92,241.02,1.64
2016.07,2148.90,44.65,87.64,240.63,1.50
2016.08,2170.95,44.84,88.37,240.85,1.56
2016.09,2157.69,45.03,89.09,241.43,1.63
2016.1,2143.02,45.25,90.91,241.73,1.76
2016.11,2164.99,45.48,92.73,241.35,2.14
2016.12,2246.63,45.70,94.55,241.43,2.49
2017.01,2275.12,45.93,96.46,242.84,2.43
2017.02,2329.91,46.15,98.38,243.60,2.42
2017.03,2366.82,46.38,100.29,243.80,2.48
2017.04,2359.31,46.66,101.53,244.52,2.30
2017.05,2395.35,46.94,102.78,244.73,2.30
2017.06,2433.99,47.22,104.02,244.96,2.19
2017.07,2454.10,47.54,105.04,244.79,2.32
2017.08,2456.22,47.85,106.06,245.52,2.21
2017.09,2492.84,48.17,107.08,246.82,2.20
2017.1,2557.00,48.42,108.01,246.66,2.36
2017.11,2593.61,48.68,108.95,246.67,2.35
2017.12,2664.34,48.93,109.88,246.52,2.40
2018.01,2789.80,49.29,111.73,247.87,2.58
2018.02,2705.16,49.64,113.59,248.99,2.86
2018.03,2702.77,50.00,115.44,249.55,2.84
2018.04,2653.63,50.33,117.79,250.55,2.87
2018.05,2701.49,50.66,120.13,251.59,2.98
2018.06,2754.35,50.99,122.48,251.99,2.91
2018.07,2793.64,51.44,125.12,252.01,2.89
2018.08,2857.82,51.89,127.75,252.15,2.89
2018.09,2901.50,52.34,130.39,252.44,3.00
2018.1,2785.46,52.81,131.06,252.89,3.15
2018.11,2723.23,53.28,131.72,252.04,3.12
2018.12,2567.31,53.75,132.39,251.23,2.83
2019.01,2607.39,54.15,133.06,251.71,2.71
2019.02,2754.86,54.54,133.72,252.78,2.68
2019.03,2803.98,54.94,134.39,254.20,2.57
2019.04,2903.80,55.32,134.68,255.55,2.53
2019.05,2854.71,55.70,134.98,256.09,2.40
2019.06,2890.17,56.08,135.27,256.14,2.06
2019.07,2996.11,56.46,134.48,256.57,1.63
2019.08,2897.50,56.84,133.69,256.56,1.63
2019.09,2982.16,57.22,132.90,256.76,1.70
2019.1,2977.68,57.56,135.09,257.35,1.71
2019.11,3104.90,57.90,137.28,257.21,1.81
2019.12,3176.75,58.24,139.47,256.97,1.86
2020.01,3278.20,58.69,131.76,257.97,1.76
2020.02,3277.31,59.13,124.04,258.68,1.50
2020.03,2652.39,59.58,116.33,258.12,0.87
2020.04,2761.98,59.61,110.63,256.39,0.66
2020.05,2919.62,59.65,104.93,256.39,0.67
2020.06,3104.66,59.68,99.23,257.80,0.73
2020.07,3207.62,59.40,98.89,259.10,0.62
2020.08,3391.71,59.13,98.56,259.92,0.65
2020.09,3365.52,58.85,98.22,260.28,0.68
2020.1,3418.70,58.66,96.86,260.39,0.79
2020.11,3548.99,58.47,95.49,260.23,0.87
2020.12,3695.31,58.28,94.13,260.47,0.93
2021.01,3793.75,58.06,105.49,261.58,1.08
2021.02,3883.43,57.85,116.84,263.01,1.26
2021.03,3910.51,57.63,128.20,264.88,1.61
2021.04,4141.18,57.71,138.39,267.05,1.64
2021.05,4167.85,57.79,148.57,269.20,1.62
2021.06,4238.49,57.87,158.76,271.70,1.52
2021.07,4363.71,58.33,164.32,273.00,1.32
2021.08,4454.21,58.79,169.87,273.57,1.28
2021.09,4445.54,59.25,175.43,274.31,1.37
2021.1,4460.71,59.64,182.91,276.59,1.58
2021.11,4667.39,60.02,190.39,277.95,1.56
2021.12,4674.77,60.40,197.87,278.80,1.47
2022.01,4573.82,60.92,197.88,281.15,1.76
2022.02,4435.98,61.45,197.90,283.72,1.93
2022.03,4391.27,61.97,197.91,287.50,2.13
2022.04,4391.30,62.65,196.03,289.11,2.75
2022.05,4040.36,63.34,194.14,292.30,2.90
2022.06,3898.95,64.02,192.26,296.31,3.14
2022.07,3911.73,64.45,191.47,296.28,2.90
2022.08,4158.56,64.89,190.67,296.17,2.90
2022.09,3850.52,65.32,189.88,296.81,3.52
2022.1,3726.05,0,0.00,297.13,3.98
2022.11,3770.55,0.00,0.00,297.29,4.14